layer,uniprot,n,n_actives,n_decoys,source_n,source_n_actives,source_n_decoys,sampling_seed,status,reason,smina_n_scored,smina_coverage,smina_sample_failure_last_auroc,smina_sample_failure_last_ef1,smina_sample_failure_last_top_n,smina_sample_failure_last_top_active_expected,smina_scored_only_auroc,smina_scored_only_ef1,smina_scored_only_top_n,smina_scored_only_top_active_expected,pre_min_interaction_n_scored,pre_min_interaction_coverage,pre_min_interaction_sample_failure_last_auroc,pre_min_interaction_sample_failure_last_ef1,pre_min_interaction_sample_failure_last_top_n,pre_min_interaction_sample_failure_last_top_active_expected,pre_min_interaction_scored_only_auroc,pre_min_interaction_scored_only_ef1,pre_min_interaction_scored_only_top_n,pre_min_interaction_scored_only_top_active_expected,interaction_n_scored,interaction_coverage,interaction_sample_failure_last_auroc,interaction_sample_failure_last_ef1,interaction_sample_failure_last_top_n,interaction_sample_failure_last_top_active_expected,interaction_scored_only_auroc,interaction_scored_only_ef1,interaction_scored_only_top_n,interaction_scored_only_top_active_expected,composite_n_scored,composite_coverage,composite_sample_failure_last_auroc,composite_sample_failure_last_ef1,composite_sample_failure_last_top_n,composite_sample_failure_last_top_active_expected,composite_scored_only_auroc,composite_scored_only_ef1,composite_scored_only_top_n,composite_scored_only_top_active_expected
L1,C7C422,250,5,245,1785,35,1750,2258684875382075074,failed,RuntimeError('AIMNet process failed (1); see /data/user_data/xianyang/t3-smoke-L123-20260908/L1/C7C422/chunks/00000000_00000025/attempt-1788882980207727886/score.log'),,,,,,,,,,,,,,,,,,,,,,,,,,,,,,,,,,,,,,,,
L1,O00141,250,5,245,1581,31,1550,8962273459452102115,complete,,250.0,1.0,0.7910204081632654,16.666666666666664,3.0,1.0,0.7910204081632654,16.666666666666664,3.0,1.0,250.0,1.0,0.5061224489795918,0.0,3.0,0.0,0.5061224489795918,0.0,3.0,0.0,250.0,1.0,0.5395918367346939,0.0,3.0,0.0,0.5395918367346939,0.0,3.0,0.0,250.0,1.0,0.5485714285714286,0.0,3.0,0.0,0.5485714285714286,0.0,3.0,0.0
L1,O00329,250,5,245,9282,182,9100,5238061460567846733,pending,,,,,,,,,,,,,,,,,,,,,,,,,,,,,,,,,,,,,,,,,
L1,O00444,250,5,245,663,13,650,2908828489087106347,failed,RuntimeError('AIMNet process failed (1); see /data/user_data/xianyang/t3-smoke-L123-20260908/L1/O00444/chunks/00000000_00000025/attempt-1788883002916084907/score.log'),,,,,,,,,,,,,,,,,,,,,,,,,,,,,,,,,,,,,,,,
L1,O00519,250,5,245,2397,47,2350,15696630437519882827,unavailable,FileNotFoundError: Pocket absent from dataset and source archive,,,,,,,,,,,,,,,,,,,,,,,,,,,,,,,,,,,,,,,,
L1,O00763,250,5,245,663,13,650,2074963876331069650,pending,,,,,,,,,,,,,,,,,,,,,,,,,,,,,,,,,,,,,,,,,
L1,O14744,250,5,245,1224,24,1200,7421136763316001258,pending,,,,,,,,,,,,,,,,,,,,,,,,,,,,,,,,,,,,,,,,,
L1,O14757,250,5,245,663,13,650,5458716485723773389,pending,,,,,,,,,,,,,,,,,,,,,,,,,,,,,,,,,,,,,,,,,
L1,O14965,250,5,245,1173,23,1150,8071393822173141136,pending,,,,,,,,,,,,,,,,,,,,,,,,,,,,,,,,,,,,,,,,,
L1,O15379,250,5,245,7191,141,7050,5194289704692643399,pending,,,,,,,,,,,,,,,,,,,,,,,,,,,,,,,,,,,,,,,,,
L1,O43353,250,5,245,12546,246,12300,13260295042211349894,pending,,,,,,,,,,,,,,,,,,,,,,,,,,,,,,,,,,,,,,,,,
L1,O43570,250,5,245,12750,250,12500,18110015837269100761,pending,,,,,,,,,,,,,,,,,,,,,,,,,,,,,,,,,,,,,,,,,
L1,O60218,250,5,245,1683,33,1650,17783302252811156144,failed,RuntimeError('AIMNet process failed (1); see /data/user_data/xianyang/t3-smoke-L123-20260908/L1/O60218/chunks/00000000_00000025/attempt-1788883447065761232/score.log'),,,,,,,,,,,,,,,,,,,,,,,,,,,,,,,,,,,,,,,,
L1,O60341,250,5,245,5304,104,5200,16305968917981535525,pending,,,,,,,,,,,,,,,,,,,,,,,,,,,,,,,,,,,,,,,,,
L1,O60674,250,5,245,11628,228,11400,15821111140165691169,pending,,,,,,,,,,,,,,,,,,,,,,,,,,,,,,,,,,,,,,,,,
L1,O60885,250,5,245,2958,58,2900,17673168505296004882,pending,,,,,,,,,,,,,,,,,,,,,,,,,,,,,,,,,,,,,,,,,
L1,O75116,250,5,245,1734,34,1700,17019753048324370676,pending,,,,,,,,,,,,,,,,,,,,,,,,,,,,,,,,,,,,,,,,,
L1,O75385,250,5,245,510,10,500,12546209658377320189,pending,,,,,,,,,,,,,,,,,,,,,,,,,,,,,,,,,,,,,,,,,
L1,O75417,250,5,245,510,10,500,662001300075817084,pending,,,,,,,,,,,,,,,,,,,,,,,,,,,,,,,,,,,,,,,,,
L1,O75460,250,5,245,1734,34,1700,7808903451315846032,pending,,,,,,,,,,,,,,,,,,,,,,,,,,,,,,,,,,,,,,,,,
L1,O75469,250,5,245,4182,82,4100,3967415333856997660,pending,,,,,,,,,,,,,,,,,,,,,,,,,,,,,,,,,,,,,,,,,
L1,O75762,250,5,245,765,15,750,16256265835243841803,pending,,,,,,,,,,,,,,,,,,,,,,,,,,,,,,,,,,,,,,,,,
L1,O75874,250,5,245,1479,29,1450,11435603786133120445,pending,,,,,,,,,,,,,,,,,,,,,,,,,,,,,,,,,,,,,,,,,
L1,O76074,250,5,245,2754,54,2700,15363668109038568499,pending,,,,,,,,,,,,,,,,,,,,,,,,,,,,,,,,,,,,,,,,,
L1,O76083,250,5,245,765,15,750,11266177360391452677,pending,,,,,,,,,,,,,,,,,,,,,,,,,,,,,,,,,,,,,,,,,
L1,O95271,250,5,245,969,19,950,12012396356418939149,pending,,,,,,,,,,,,,,,,,,,,,,,,,,,,,,,,,,,,,,,,,
L1,O95819,250,5,245,816,16,800,1358352335123788664,pending,,,,,,,,,,,,,,,,,,,,,,,,,,,,,,,,,,,,,,,,,
L1,O96013,250,5,245,1071,21,1050,4843767485745497862,pending,,,,,,,,,,,,,,,,,,,,,,,,,,,,,,,,,,,,,,,,,
L1,O96028,250,5,245,1122,22,1100,16334226229995331415,pending,,,,,,,,,,,,,,,,,,,,,,,,,,,,,,,,,,,,,,,,,
L1,P00338,250,5,245,561,11,550,15517046452314987109,pending,,,,,,,,,,,,,,,,,,,,,,,,,,,,,,,,,,,,,,,,,
L1,P00352,250,5,245,510,10,500,5365183431209783242,pending,,,,,,,,,,,,,,,,,,,,,,,,,,,,,,,,,,,,,,,,,
L1,P00491,250,5,245,1326,26,1300,15975154806328555924,pending,,,,,,,,,,,,,,,,,,,,,,,,,,,,,,,,,,,,,,,,,
L1,P00519,250,5,245,2397,47,2350,10790366276622174328,pending,,,,,,,,,,,,,,,,,,,,,,,,,,,,,,,,,,,,,,,,,
L1,P00533,250,5,245,23817,467,23350,5704846701637384861,pending,,,,,,,,,,,,,,,,,,,,,,,,,,,,,,,,,,,,,,,,,
L1,P00734,250,5,245,7599,149,7450,16878322796142958052,pending,,,,,,,,,,,,,,,,,,,,,,,,,,,,,,,,,,,,,,,,,
L1,P00742,250,5,245,1020,20,1000,15712326524092218587,pending,,,,,,,,,,,,,,,,,,,,,,,,,,,,,,,,,,,,,,,,,
L1,P00915,250,5,245,8619,169,8450,7100942366799429692,pending,,,,,,,,,,,,,,,,,,,,,,,,,,,,,,,,,,,,,,,,,
L1,P00918,250,5,245,12495,245,12250,7680177981438887846,pending,,,,,,,,,,,,,,,,,,,,,,,,,,,,,,,,,,,,,,,,,
L1,P00956,250,5,245,3978,78,3900,7127519537338153560,unavailable,FileNotFoundError: Pocket absent from dataset and source archive,,,,,,,,,,,,,,,,,,,,,,,,,,,,,,,,,,,,,,,,
L1,P01116,250,5,245,2601,51,2550,8277304011532950821,pending,,,,,,,,,,,,,,,,,,,,,,,,,,,,,,,,,,,,,,,,,
L1,P03372,250,5,245,2040,40,2000,8800095295535359741,pending,,,,,,,,,,,,,,,,,,,,,,,,,,,,,,,,,,,,,,,,,
L1,P04049,250,5,245,867,17,850,21875239039796402,pending,,,,,,,,,,,,,,,,,,,,,,,,,,,,,,,,,,,,,,,,,
L1,P04626,250,5,245,4896,96,4800,4162486438207447134,pending,,,,,,,,,,,,,,,,,,,,,,,,,,,,,,,,,,,,,,,,,
L1,P04629,250,5,245,3264,64,3200,3624201180838742463,pending,,,,,,,,,,,,,,,,,,,,,,,,,,,,,,,,,,,,,,,,,
L1,P04798,250,5,245,3213,63,3150,6473479860702212012,pending,,,,,,,,,,,,,,,,,,,,,,,,,,,,,,,,,,,,,,,,,
L1,P05089,250,5,245,2907,57,2850,17685934882627473600,pending,,,,,,,,,,,,,,,,,,,,,,,,,,,,,,,,,,,,,,,,,
L1,P05177,250,5,245,2142,42,2100,11778505131150932586,pending,,,,,,,,,,,,,,,,,,,,,,,,,,,,,,,,,,,,,,,,,
L1,P05771,250,5,245,561,11,550,6197142733332020394,pending,,,,,,,,,,,,,,,,,,,,,,,,,,,,,,,,,,,,,,,,,
L1,P05979,250,5,245,1530,30,1500,11683121474388225518,pending,,,,,,,,,,,,,,,,,,,,,,,,,,,,,,,,,,,,,,,,,
L1,P06213,250,5,245,663,13,650,15379217132958402084,pending,,,,,,,,,,,,,,,,,,,,,,,,,,,,,,,,,,,,,,,,,
L1,P06239,250,5,245,3468,68,3400,16138423187341476189,pending,,,,,,,,,,,,,,,,,,,,,,,,,,,,,,,,,,,,,,,,,
L1,P06276,250,5,245,2499,49,2450,16664993864633440989,pending,,,,,,,,,,,,,,,,,,,,,,,,,,,,,,,,,,,,,,,,,
L1,P06493,250,5,245,1887,37,1850,16769607575808996320,pending,,,,,,,,,,,,,,,,,,,,,,,,,,,,,,,,,,,,,,,,,
L1,P07333,250,5,245,5253,103,5150,6155119062903632589,pending,,,,,,,,,,,,,,,,,,,,,,,,,,,,,,,,,,,,,,,,,
L1,P07550,250,5,245,612,12,600,2277989103569987340,pending,,,,,,,,,,,,,,,,,,,,,,,,,,,,,,,,,,,,,,,,,
L1,P07711,250,5,245,2091,41,2050,17649045249265424152,pending,,,,,,,,,,,,,,,,,,,,,,,,,,,,,,,,,,,,,,,,,
L1,P07900,250,5,245,1479,29,1450,4875815789671592610,pending,,,,,,,,,,,,,,,,,,,,,,,,,,,,,,,,,,,,,,,,,
L1,P07947,250,5,245,2244,44,2200,2832288352819941168,unavailable,FileNotFoundError: Pocket absent from dataset and source archive,,,,,,,,,,,,,,,,,,,,,,,,,,,,,,,,,,,,,,,,
L1,P07948,250,5,245,663,13,650,10355028095957218404,pending,,,,,,,,,,,,,,,,,,,,,,,,,,,,,,,,,,,,,,,,,
L1,P07949,250,5,245,2091,41,2050,5627911111182408890,pending,,,,,,,,,,,,,,,,,,,,,,,,,,,,,,,,,,,,,,,,,
L1,P08069,250,5,245,2040,40,2000,10893460296349393909,pending,,,,,,,,,,,,,,,,,,,,,,,,,,,,,,,,,,,,,,,,,
L1,P08173,250,5,245,663,13,650,5465217244046999189,pending,,,,,,,,,,,,,,,,,,,,,,,,,,,,,,,,,,,,,,,,,
L1,P08238,250,5,245,1377,27,1350,6683123684947065176,pending,,,,,,,,,,,,,,,,,,,,,,,,,,,,,,,,,,,,,,,,,
L1,P08246,250,5,245,1479,29,1450,4861095587377095228,pending,,,,,,,,,,,,,,,,,,,,,,,,,,,,,,,,,,,,,,,,,
L1,P08253,250,5,245,714,14,700,6141940295421053043,pending,,,,,,,,,,,,,,,,,,,,,,,,,,,,,,,,,,,,,,,,,
L1,P08581,250,5,245,3366,66,3300,6315262882344631516,pending,,,,,,,,,,,,,,,,,,,,,,,,,,,,,,,,,,,,,,,,,
L1,P08908,250,5,245,2397,47,2350,15281642556051947494,pending,,,,,,,,,,,,,,,,,,,,,,,,,,,,,,,,,,,,,,,,,
L1,P08913,250,5,245,1122,22,1100,2501665888209328273,pending,,,,,,,,,,,,,,,,,,,,,,,,,,,,,,,,,,,,,,,,,
L1,P08922,250,5,245,1020,20,1000,12187684854192838360,pending,,,,,,,,,,,,,,,,,,,,,,,,,,,,,,,,,,,,,,,,,
L1,P09619,250,5,245,969,19,950,15642742083920968031,unavailable,FileNotFoundError: Pocket absent from dataset and source archive,,,,,,,,,,,,,,,,,,,,,,,,,,,,,,,,,,,,,,,,
L1,P09874,250,5,245,8160,160,8000,15558966578184115263,pending,,,,,,,,,,,,,,,,,,,,,,,,,,,,,,,,,,,,,,,,,
L1,P0C6U8,250,5,245,612,12,600,3550423819220839861,pending,,,,,,,,,,,,,,,,,,,,,,,,,,,,,,,,,,,,,,,,,
L1,P0DMS8,250,5,245,3519,69,3450,9753862157729333716,pending,,,,,,,,,,,,,,,,,,,,,,,,,,,,,,,,,,,,,,,,,
L1,P0DTD1,250,5,245,21420,420,21000,931657578595864563,pending,,,,,,,,,,,,,,,,,,,,,,,,,,,,,,,,,,,,,,,,,
L1,P10275,250,5,245,765,15,750,13140323991326755058,pending,,,,,,,,,,,,,,,,,,,,,,,,,,,,,,,,,,,,,,,,,
L1,P10415,250,5,245,714,14,700,9368990764446564233,pending,,,,,,,,,,,,,,,,,,,,,,,,,,,,,,,,,,,,,,,,,
L1,P10721,250,5,245,1989,39,1950,14620201092211337291,pending,,,,,,,,,,,,,,,,,,,,,,,,,,,,,,,,,,,,,,,,,
L1,P11275,250,5,245,663,13,650,6547185066950920493,unavailable,FileNotFoundError: Pocket absent from dataset and source archive,,,,,,,,,,,,,,,,,,,,,,,,,,,,,,,,,,,,,,,,
L1,P11309,250,5,245,2805,55,2750,8978215534285543289,pending,,,,,,,,,,,,,,,,,,,,,,,,,,,,,,,,,,,,,,,,,
L1,P11362,250,5,245,2856,56,2800,2241686177004026366,pending,,,,,,,,,,,,,,,,,,,,,,,,,,,,,,,,,,,,,,,,,
L1,P11511,250,5,245,714,14,700,7813119257162198687,pending,,,,,,,,,,,,,,,,,,,,,,,,,,,,,,,,,,,,,,,,,
L1,P11802,250,5,245,3621,71,3550,8642094442006211503,pending,,,,,,,,,,,,,,,,,,,,,,,,,,,,,,,,,,,,,,,,,
L1,P12931,250,5,245,4641,91,4550,9363707723172848883,pending,,,,,,,,,,,,,,,,,,,,,,,,,,,,,,,,,,,,,,,,,
L1,P13569,250,5,245,1020,20,1000,11991757413427996050,pending,,,,,,,,,,,,,,,,,,,,,,,,,,,,,,,,,,,,,,,,,
L1,P14324,250,5,245,510,10,500,6707122331953065266,pending,,,,,,,,,,,,,,,,,,,,,,,,,,,,,,,,,,,,,,,,,
L1,P14618,250,5,245,612,12,600,2582708160778688798,pending,,,,,,,,,,,,,,,,,,,,,,,,,,,,,,,,,,,,,,,,,
L1,P14679,250,5,245,561,11,550,16384475307151151780,unavailable,FileNotFoundError: Pocket absent from dataset and source archive,,,,,,,,,,,,,,,,,,,,,,,,,,,,,,,,,,,,,,,,
L1,P14867,250,5,245,2295,45,2250,4323836220936606938,pending,,,,,,,,,,,,,,,,,,,,,,,,,,,,,,,,,,,,,,,,,
L1,P14902,250,5,245,2550,50,2500,11110081085131811160,pending,,,,,,,,,,,,,,,,,,,,,,,,,,,,,,,,,,,,,,,,,
L1,P14920,250,5,245,714,14,700,4293686407409812184,pending,,,,,,,,,,,,,,,,,,,,,,,,,,,,,,,,,,,,,,,,,
L1,P15056,250,5,245,2958,58,2900,3931300767559048696,pending,,,,,,,,,,,,,,,,,,,,,,,,,,,,,,,,,,,,,,,,,
L1,P15121,250,5,245,918,18,900,891411772062801556,pending,,,,,,,,,,,,,,,,,,,,,,,,,,,,,,,,,,,,,,,,,
L1,P15538,250,5,245,765,15,750,11608432813511351759,pending,,,,,,,,,,,,,,,,,,,,,,,,,,,,,,,,,,,,,,,,,
L1,P16050,250,5,245,1989,39,1950,12928565540148146073,unavailable,FileNotFoundError: Pocket absent from dataset and source archive,,,,,,,,,,,,,,,,,,,,,,,,,,,,,,,,,,,,,,,,
L1,P16083,250,5,245,816,16,800,10766969464521564108,pending,,,,,,,,,,,,,,,,,,,,,,,,,,,,,,,,,,,,,,,,,
L1,P16110,250,5,245,663,13,650,12726260956879817195,pending,,,,,,,,,,,,,,,,,,,,,,,,,,,,,,,,,,,,,,,,,
L1,P16234,250,5,245,1989,39,1950,12257924727485580441,pending,,,,,,,,,,,,,,,,,,,,,,,,,,,,,,,,,,,,,,,,,
L1,P17252,250,5,245,1122,22,1100,4391295228824022738,pending,,,,,,,,,,,,,,,,,,,,,,,,,,,,,,,,,,,,,,,,,
L1,P17706,250,5,245,867,17,850,3491350393884140001,pending,,,,,,,,,,,,,,,,,,,,,,,,,,,,,,,,,,,,,,,,,
L1,P17931,250,5,245,714,14,700,1585226108732502146,pending,,,,,,,,,,,,,,,,,,,,,,,,,,,,,,,,,,,,,,,,,
L1,P18031,250,5,245,5916,116,5800,5385293829266863920,pending,,,,,,,,,,,,,,,,,,,,,,,,,,,,,,,,,,,,,,,,,
L1,P18089,250,5,245,816,16,800,5316004572883681785,pending,,,,,,,,,,,,,,,,,,,,,,,,,,,,,,,,,,,,,,,,,
L1,P18825,250,5,245,1020,20,1000,14715658013299304744,pending,,,,,,,,,,,,,,,,,,,,,,,,,,,,,,,,,,,,,,,,,
L1,P19099,250,5,245,867,17,850,15745539057309753455,pending,,,,,,,,,,,,,,,,,,,,,,,,,,,,,,,,,,,,,,,,,
L1,P19634,250,5,245,1173,23,1150,10336467432762827825,pending,,,,,,,,,,,,,,,,,,,,,,,,,,,,,,,,,,,,,,,,,
L1,P19793,250,5,245,816,16,800,4961456535690723045,pending,,,,,,,,,,,,,,,,,,,,,,,,,,,,,,,,,,,,,,,,,
L1,P20272,250,5,245,561,11,550,5054938200139360316,unavailable,FileNotFoundError: Pocket absent from dataset and source archive,,,,,,,,,,,,,,,,,,,,,,,,,,,,,,,,,,,,,,,,
L1,P21397,250,5,245,1071,21,1050,13901310314777451511,pending,,,,,,,,,,,,,,,,,,,,,,,,,,,,,,,,,,,,,,,,,
L1,P21554,250,5,245,5100,100,5000,96329067838522611,pending,,,,,,,,,,,,,,,,,,,,,,,,,,,,,,,,,,,,,,,,,
L1,P21589,250,5,245,1224,24,1200,10205284458489461086,pending,,,,,,,,,,,,,,,,,,,,,,,,,,,,,,,,,,,,,,,,,
L1,P21728,250,5,245,1224,24,1200,13258577235456194453,pending,,,,,,,,,,,,,,,,,,,,,,,,,,,,,,,,,,,,,,,,,
L1,P21802,250,5,245,918,18,900,15687950023436151588,pending,,,,,,,,,,,,,,,,,,,,,,,,,,,,,,,,,,,,,,,,,
L1,P21918,250,5,245,612,12,600,14295961762593087941,pending,,,,,,,,,,,,,,,,,,,,,,,,,,,,,,,,,,,,,,,,,
L1,P21964,250,5,245,1530,30,1500,12998725032902005139,pending,,,,,,,,,,,,,,,,,,,,,,,,,,,,,,,,,,,,,,,,,
L1,P22303,250,5,245,4539,89,4450,10321228825866002532,pending,,,,,,,,,,,,,,,,,,,,,,,,,,,,,,,,,,,,,,,,,
L1,P22413,250,5,245,9639,189,9450,18582403637730342,pending,,,,,,,,,,,,,,,,,,,,,,,,,,,,,,,,,,,,,,,,,
L1,P22455,250,5,245,2805,55,2750,2553059447100529682,pending,,,,,,,,,,,,,,,,,,,,,,,,,,,,,,,,,,,,,,,,,
L1,P22607,250,5,245,1020,20,1000,3763426083456853531,pending,,,,,,,,,,,,,,,,,,,,,,,,,,,,,,,,,,,,,,,,,
L1,P22748,250,5,245,5712,112,5600,12048817607328228279,pending,,,,,,,,,,,,,,,,,,,,,,,,,,,,,,,,,,,,,,,,,
L1,P23458,250,5,245,10047,197,9850,3750435561140553123,pending,,,,,,,,,,,,,,,,,,,,,,,,,,,,,,,,,,,,,,,,,
L1,P23467,250,5,245,867,17,850,1484684919517882801,pending,,,,,,,,,,,,,,,,,,,,,,,,,,,,,,,,,,,,,,,,,
L1,P24941,250,5,245,2805,55,2750,8521918291211044795,pending,,,,,,,,,,,,,,,,,,,,,,,,,,,,,,,,,,,,,,,,,
L1,P25440,250,5,245,663,13,650,8919120535595338864,pending,,,,,,,,,,,,,,,,,,,,,,,,,,,,,,,,,,,,,,,,,
L1,P25774,250,5,245,663,13,650,14991416967869573885,pending,,,,,,,,,,,,,,,,,,,,,,,,,,,,,,,,,,,,,,,,,
L1,P25779,250,5,245,561,11,550,16543735083639869504,pending,,,,,,,,,,,,,,,,,,,,,,,,,,,,,,,,,,,,,,,,,
L1,P27338,250,5,245,7905,155,7750,1740240503313182635,pending,,,,,,,,,,,,,,,,,,,,,,,,,,,,,,,,,,,,,,,,,
L1,P27487,250,5,245,1683,33,1650,14272558594319216180,pending,,,,,,,,,,,,,,,,,,,,,,,,,,,,,,,,,,,,,,,,,
L1,P28062,250,5,245,714,14,700,2696906314383424065,pending,,,,,,,,,,,,,,,,,,,,,,,,,,,,,,,,,,,,,,,,,
L1,P28074,250,5,245,1887,37,1850,11667045323456637723,pending,,,,,,,,,,,,,,,,,,,,,,,,,,,,,,,,,,,,,,,,,
L1,P28221,250,5,245,816,16,800,14128461930962644037,pending,,,,,,,,,,,,,,,,,,,,,,,,,,,,,,,,,,,,,,,,,
L1,P28222,250,5,245,765,15,750,4608068385003289816,pending,,,,,,,,,,,,,,,,,,,,,,,,,,,,,,,,,,,,,,,,,
L1,P28335,250,5,245,4080,80,4000,15129962429192840608,pending,,,,,,,,,,,,,,,,,,,,,,,,,,,,,,,,,,,,,,,,,
L1,P28482,250,5,245,765,15,750,1459128810130016275,pending,,,,,,,,,,,,,,,,,,,,,,,,,,,,,,,,,,,,,,,,,
L1,P28566,250,5,245,510,10,500,15447981773240568385,pending,,,,,,,,,,,,,,,,,,,,,,,,,,,,,,,,,,,,,,,,,
L1,P29274,250,5,245,714,14,700,12080510899592751488,pending,,,,,,,,,,,,,,,,,,,,,,,,,,,,,,,,,,,,,,,,,
L1,P29466,250,5,245,867,17,850,4047864965585745583,pending,,,,,,,,,,,,,,,,,,,,,,,,,,,,,,,,,,,,,,,,,
L1,P29597,250,5,245,9537,187,9350,9820985426021497360,pending,,,,,,,,,,,,,,,,,,,,,,,,,,,,,,,,,,,,,,,,,
L1,P30291,250,5,245,1530,30,1500,9661570118773892386,pending,,,,,,,,,,,,,,,,,,,,,,,,,,,,,,,,,,,,,,,,,
L1,P30530,250,5,245,2550,50,2500,4405090403601098633,pending,,,,,,,,,,,,,,,,,,,,,,,,,,,,,,,,,,,,,,,,,
L1,P30542,250,5,245,1020,20,1000,8247282078202847150,pending,,,,,,,,,,,,,,,,,,,,,,,,,,,,,,,,,,,,,,,,,
L1,P31153,250,5,245,3213,63,3150,8738689485605873698,pending,,,,,,,,,,,,,,,,,,,,,,,,,,,,,,,,,,,,,,,,,
L1,P31639,250,5,245,561,11,550,8414895139551492580,pending,,,,,,,,,,,,,,,,,,,,,,,,,,,,,,,,,,,,,,,,,
L1,P31645,250,5,245,561,11,550,15931538074232571228,pending,,,,,,,,,,,,,,,,,,,,,,,,,,,,,,,,,,,,,,,,,
L1,P31749,250,5,245,6324,124,6200,6175587559428062514,pending,,,,,,,,,,,,,,,,,,,,,,,,,,,,,,,,,,,,,,,,,
L1,P31751,250,5,245,1785,35,1750,17280756125088216378,pending,,,,,,,,,,,,,,,,,,,,,,,,,,,,,,,,,,,,,,,,,
L1,P33981,250,5,245,1479,29,1450,478285558168689271,pending,,,,,,,,,,,,,,,,,,,,,,,,,,,,,,,,,,,,,,,,,
L1,P34913,250,5,245,6324,124,6200,13913622362133431155,pending,,,,,,,,,,,,,,,,,,,,,,,,,,,,,,,,,,,,,,,,,
L1,P34914,250,5,245,5049,99,4950,12362083297127706515,pending,,,,,,,,,,,,,,,,,,,,,,,,,,,,,,,,,,,,,,,,,
L1,P34972,250,5,245,3417,67,3350,3568644744572032226,pending,,,,,,,,,,,,,,,,,,,,,,,,,,,,,,,,,,,,,,,,,
L1,P35218,250,5,245,3315,65,3250,17425794897302829861,unavailable,FileNotFoundError: Pocket absent from dataset and source archive,,,,,,,,,,,,,,,,,,,,,,,,,,,,,,,,,,,,,,,,
L1,P35354,250,5,245,2244,44,2200,14942907799710382538,pending,,,,,,,,,,,,,,,,,,,,,,,,,,,,,,,,,,,,,,,,,
L1,P35367,250,5,245,510,10,500,10025477960588876406,pending,,,,,,,,,,,,,,,,,,,,,,,,,,,,,,,,,,,,,,,,,
L1,P35372,250,5,245,1428,28,1400,15013606901204811501,pending,,,,,,,,,,,,,,,,,,,,,,,,,,,,,,,,,,,,,,,,,
L1,P35439,250,5,245,561,11,550,6390295510058548953,unavailable,FileNotFoundError: Pocket absent from dataset and source archive,,,,,,,,,,,,,,,,,,,,,,,,,,,,,,,,,,,,,,,,
L1,P35916,250,5,245,1071,21,1050,14730079886290407061,unavailable,FileNotFoundError: Pocket absent from dataset and source archive,,,,,,,,,,,,,,,,,,,,,,,,,,,,,,,,,,,,,,,,
L1,P35968,250,5,245,6936,136,6800,2362925522412810994,pending,,,,,,,,,,,,,,,,,,,,,,,,,,,,,,,,,,,,,,,,,
L1,P36776,250,5,245,1020,20,1000,11227651536212694949,pending,,,,,,,,,,,,,,,,,,,,,,,,,,,,,,,,,,,,,,,,,
L1,P36888,250,5,245,4284,84,4200,9441707234030073622,pending,,,,,,,,,,,,,,,,,,,,,,,,,,,,,,,,,,,,,,,,,
L1,P36897,250,5,245,918,18,900,9855678898070957726,pending,,,,,,,,,,,,,,,,,,,,,,,,,,,,,,,,,,,,,,,,,
L1,P37231,250,5,245,867,17,850,11390335416098586576,pending,,,,,,,,,,,,,,,,,,,,,,,,,,,,,,,,,,,,,,,,,
L1,P41143,250,5,245,714,14,700,12741003202441599867,pending,,,,,,,,,,,,,,,,,,,,,,,,,,,,,,,,,,,,,,,,,
L1,P41145,250,5,245,9843,193,9650,14730572279361980288,pending,,,,,,,,,,,,,,,,,,,,,,,,,,,,,,,,,,,,,,,,,
L1,P41182,250,5,245,3213,63,3150,15023442379407652924,pending,,,,,,,,,,,,,,,,,,,,,,,,,,,,,,,,,,,,,,,,,
L1,P41240,250,5,245,918,18,900,5960432947974232227,pending,,,,,,,,,,,,,,,,,,,,,,,,,,,,,,,,,,,,,,,,,
L1,P41595,250,5,245,4641,91,4550,10725887559584461848,pending,,,,,,,,,,,,,,,,,,,,,,,,,,,,,,,,,,,,,,,,,
L1,P42330,250,5,245,1683,33,1650,2080623706585393200,pending,,,,,,,,,,,,,,,,,,,,,,,,,,,,,,,,,,,,,,,,,
L1,P42336,250,5,245,4539,89,4450,17257810045076957413,pending,,,,,,,,,,,,,,,,,,,,,,,,,,,,,,,,,,,,,,,,,
L1,P42338,250,5,245,2550,50,2500,16652809486310354177,unavailable,FileNotFoundError: Pocket absent from dataset and source archive,,,,,,,,,,,,,,,,,,,,,,,,,,,,,,,,,,,,,,,,
L1,P42345,250,5,245,1683,33,1650,16212139068709532525,pending,,,,,,,,,,,,,,,,,,,,,,,,,,,,,,,,,,,,,,,,,
L1,P43166,250,5,245,4131,81,4050,16956117103659355549,pending,,,,,,,,,,,,,,,,,,,,,,,,,,,,,,,,,,,,,,,,,
L1,P43405,250,5,245,561,11,550,7011811458348430636,pending,,,,,,,,,,,,,,,,,,,,,,,,,,,,,,,,,,,,,,,,,
L1,P43490,250,5,245,867,17,850,12832775811409220979,pending,,,,,,,,,,,,,,,,,,,,,,,,,,,,,,,,,,,,,,,,,
L1,P45983,250,5,245,1734,34,1700,4316406919336692249,pending,,,,,,,,,,,,,,,,,,,,,,,,,,,,,,,,,,,,,,,,,
L1,P45984,250,5,245,1632,32,1600,15102237133677615557,pending,,,,,,,,,,,,,,,,,,,,,,,,,,,,,,,,,,,,,,,,,
L1,P47746,250,5,245,867,17,850,9747998526520044691,unavailable,FileNotFoundError: Pocket absent from dataset and source archive,,,,,,,,,,,,,,,,,,,,,,,,,,,,,,,,,,,,,,,,
L1,P47989,250,5,245,2805,55,2750,17955456345148518572,pending,,,,,,,,,,,,,,,,,,,,,,,,,,,,,,,,,,,,,,,,,
L1,P48039,250,5,245,663,13,650,7628305200639661187,pending,,,,,,,,,,,,,,,,,,,,,,,,,,,,,,,,,,,,,,,,,
L1,P48735,250,5,245,561,11,550,712838767571946595,pending,,,,,,,,,,,,,,,,,,,,,,,,,,,,,,,,,,,,,,,,,
L1,P48736,250,5,245,6324,124,6200,13453321361209968352,pending,,,,,,,,,,,,,,,,,,,,,,,,,,,,,,,,,,,,,,,,,
L1,P49137,250,5,245,510,10,500,4078858267734161761,pending,,,,,,,,,,,,,,,,,,,,,,,,,,,,,,,,,,,,,,,,,
L1,P49286,250,5,245,918,18,900,14676366659416739082,pending,,,,,,,,,,,,,,,,,,,,,,,,,,,,,,,,,,,,,,,,,
L1,P49327,250,5,245,33915,665,33250,14124913813286520283,pending,,,,,,,,,,,,,,,,,,,,,,,,,,,,,,,,,,,,,,,,,
L1,P49759,250,5,245,561,11,550,9866924037843920615,pending,,,,,,,,,,,,,,,,,,,,,,,,,,,,,,,,,,,,,,,,,
L1,P49760,250,5,245,663,13,650,18088565215451705348,pending,,,,,,,,,,,,,,,,,,,,,,,,,,,,,,,,,,,,,,,,,
L1,P49840,250,5,245,510,10,500,6240676613371286095,pending,,,,,,,,,,,,,,,,,,,,,,,,,,,,,,,,,,,,,,,,,
L1,P49841,250,5,245,1224,24,1200,11828441841558551474,pending,,,,,,,,,,,,,,,,,,,,,,,,,,,,,,,,,,,,,,,,,
L1,P50053,250,5,245,1275,25,1250,16581873895476900401,pending,,,,,,,,,,,,,,,,,,,,,,,,,,,,,,,,,,,,,,,,,
L1,P50406,250,5,245,3417,67,3350,991258208197125315,pending,,,,,,,,,,,,,,,,,,,,,,,,,,,,,,,,,,,,,,,,,
L1,P50613,250,5,245,1122,22,1100,4002205887595950933,pending,,,,,,,,,,,,,,,,,,,,,,,,,,,,,,,,,,,,,,,,,
L1,P50750,250,5,245,3417,67,3350,14413114383005826583,pending,,,,,,,,,,,,,,,,,,,,,,,,,,,,,,,,,,,,,,,,,
L1,P51449,250,5,245,2040,40,2000,17922584590005727858,pending,,,,,,,,,,,,,,,,,,,,,,,,,,,,,,,,,,,,,,,,,
L1,P51451,250,5,245,561,11,550,14101530728434138344,unavailable,FileNotFoundError: Pocket absent from dataset and source archive,,,,,,,,,,,,,,,,,,,,,,,,,,,,,,,,,,,,,,,,
L1,P51531,250,5,245,867,17,850,9655268324346136804,pending,,,,,,,,,,,,,,,,,,,,,,,,,,,,,,,,,,,,,,,,,
L1,P51532,250,5,245,510,10,500,418346911433201886,pending,,,,,,,,,,,,,,,,,,,,,,,,,,,,,,,,,,,,,,,,,
L1,P51617,250,5,245,765,15,750,7961247481878528455,pending,,,,,,,,,,,,,,,,,,,,,,,,,,,,,,,,,,,,,,,,,
L1,P51812,250,5,245,816,16,800,1978431074738312392,pending,,,,,,,,,,,,,,,,,,,,,,,,,,,,,,,,,,,,,,,,,
L1,P51813,250,5,245,765,15,750,16407375938489651398,pending,,,,,,,,,,,,,,,,,,,,,,,,,,,,,,,,,,,,,,,,,
L1,P51955,250,5,245,867,17,850,10421906554209472233,pending,,,,,,,,,,,,,,,,,,,,,,,,,,,,,,,,,,,,,,,,,
L1,P52333,250,5,245,13056,256,12800,17055382800005595912,pending,,,,,,,,,,,,,,,,,,,,,,,,,,,,,,,,,,,,,,,,,
L1,P53350,250,5,245,1224,24,1200,8449676658086136368,pending,,,,,,,,,,,,,,,,,,,,,,,,,,,,,,,,,,,,,,,,,
L1,P53634,250,5,245,2958,58,2900,16624859084128702481,pending,,,,,,,,,,,,,,,,,,,,,,,,,,,,,,,,,,,,,,,,,
L1,P53779,250,5,245,1632,32,1600,6786577005354643989,pending,,,,,,,,,,,,,,,,,,,,,,,,,,,,,,,,,,,,,,,,,
L1,P54646,250,5,245,1173,23,1150,7936737080503047137,pending,,,,,,,,,,,,,,,,,,,,,,,,,,,,,,,,,,,,,,,,,
L1,P55055,250,5,245,663,13,650,11047048736403949923,pending,,,,,,,,,,,,,,,,,,,,,,,,,,,,,,,,,,,,,,,,,
L1,P56524,250,5,245,1428,28,1400,988164484916888290,pending,,,,,,,,,,,,,,,,,,,,,,,,,,,,,,,,,,,,,,,,,
L1,P56817,250,5,245,13260,260,13000,7855247140346619601,pending,,,,,,,,,,,,,,,,,,,,,,,,,,,,,,,,,,,,,,,,,
L1,P61964,250,5,245,867,17,850,17445186452581926845,pending,,,,,,,,,,,,,,,,,,,,,,,,,,,,,,,,,,,,,,,,,
L1,P62937,250,5,245,918,18,900,2062396362742800696,pending,,,,,,,,,,,,,,,,,,,,,,,,,,,,,,,,,,,,,,,,,
L1,P68400,250,5,245,714,14,700,4624901868350864481,pending,,,,,,,,,,,,,,,,,,,,,,,,,,,,,,,,,,,,,,,,,
L1,P78527,250,5,245,510,10,500,2436010180568397494,pending,,,,,,,,,,,,,,,,,,,,,,,,,,,,,,,,,,,,,,,,,
L1,P78540,250,5,245,816,16,800,10096595781949640540,pending,,,,,,,,,,,,,,,,,,,,,,,,,,,,,,,,,,,,,,,,,
L1,P80457,250,5,245,1632,32,1600,16886799369436185737,pending,,,,,,,,,,,,,,,,,,,,,,,,,,,,,,,,,,,,,,,,,
L1,P81908,250,5,245,2346,46,2300,8561581782578762756,unavailable,FileNotFoundError: Pocket absent from dataset and source archive,,,,,,,,,,,,,,,,,,,,,,,,,,,,,,,,,,,,,,,,
L1,Q00534,250,5,245,561,11,550,18382173649848682647,pending,,,,,,,,,,,,,,,,,,,,,,,,,,,,,,,,,,,,,,,,,
L1,Q00535,250,5,245,969,19,950,15168490362111518776,pending,,,,,,,,,,,,,,,,,,,,,,,,,,,,,,,,,,,,,,,,,
L1,Q01650,250,5,245,918,18,900,1642744504024493558,pending,,,,,,,,,,,,,,,,,,,,,,,,,,,,,,,,,,,,,,,,,
L1,Q01827,250,5,245,1530,30,1500,13082248371618216865,unavailable,FileNotFoundError: Pocket absent from dataset and source archive,,,,,,,,,,,,,,,,,,,,,,,,,,,,,,,,,,,,,,,,
L1,Q02127,250,5,245,3774,74,3700,18436629232396606996,pending,,,,,,,,,,,,,,,,,,,,,,,,,,,,,,,,,,,,,,,,,
L1,Q02750,250,5,245,714,14,700,16928804922685701608,pending,,,,,,,,,,,,,,,,,,,,,,,,,,,,,,,,,,,,,,,,,
L1,Q03181,250,5,245,765,15,750,4914053610643437019,pending,,,,,,,,,,,,,,,,,,,,,,,,,,,,,,,,,,,,,,,,,
L1,Q04609,250,5,245,1836,36,1800,2033969664345804913,pending,,,,,,,,,,,,,,,,,,,,,,,,,,,,,,,,,,,,,,,,,
L1,Q04759,250,5,245,969,19,950,15317167854241641047,pending,,,,,,,,,,,,,,,,,,,,,,,,,,,,,,,,,,,,,,,,,
L1,Q05397,250,5,245,4590,90,4500,11426010167009635248,pending,,,,,,,,,,,,,,,,,,,,,,,,,,,,,,,,,,,,,,,,,
L1,Q05586,250,5,245,2244,44,2200,9680494583899868201,pending,,,,,,,,,,,,,,,,,,,,,,,,,,,,,,,,,,,,,,,,,
L1,Q06124,250,5,245,1428,28,1400,5349940306098210748,pending,,,,,,,,,,,,,,,,,,,,,,,,,,,,,,,,,,,,,,,,,
L1,Q06187,250,5,245,18105,355,17750,1885287084883070422,pending,,,,,,,,,,,,,,,,,,,,,,,,,,,,,,,,,,,,,,,,,
L1,Q06418,250,5,245,1377,27,1350,2524336191210657839,unavailable,FileNotFoundError: Pocket absent from dataset and source archive,,,,,,,,,,,,,,,,,,,,,,,,,,,,,,,,,,,,,,,,
L1,Q07343,250,5,245,2397,47,2350,15399660147420712895,pending,,,,,,,,,,,,,,,,,,,,,,,,,,,,,,,,,,,,,,,,,
L1,Q07422,250,5,245,612,12,600,9115799793390530764,pending,,,,,,,,,,,,,,,,,,,,,,,,,,,,,,,,,,,,,,,,,
L1,Q07817,250,5,245,714,14,700,9508957618943647945,pending,,,,,,,,,,,,,,,,,,,,,,,,,,,,,,,,,,,,,,,,,
L1,Q07820,250,5,245,2652,52,2600,4651601615044726114,pending,,,,,,,,,,,,,,,,,,,,,,,,,,,,,,,,,,,,,,,,,
L1,Q07869,250,5,245,765,15,750,15089045345164846885,pending,,,,,,,,,,,,,,,,,,,,,,,,,,,,,,,,,,,,,,,,,
L1,Q07889,250,5,245,1071,21,1050,1154102015308350315,pending,,,,,,,,,,,,,,,,,,,,,,,,,,,,,,,,,,,,,,,,,
L1,Q07912,250,5,245,510,10,500,16385507352397001661,pending,,,,,,,,,,,,,,,,,,,,,,,,,,,,,,,,,,,,,,,,,
L1,Q08345,250,5,245,969,19,950,9745451357290422464,pending,,,,,,,,,,,,,,,,,,,,,,,,,,,,,,,,,,,,,,,,,
L1,Q08499,250,5,245,918,18,900,6701778788811780591,pending,,,,,,,,,,,,,,,,,,,,,,,,,,,,,,,,,,,,,,,,,
L1,Q08881,250,5,245,816,16,800,16420357511714363331,pending,,,,,,,,,,,,,,,,,,,,,,,,,,,,,,,,,,,,,,,,,
L1,Q12866,250,5,245,2295,45,2250,15814458718408971018,pending,,,,,,,,,,,,,,,,,,,,,,,,,,,,,,,,,,,,,,,,,
L1,Q12879,250,5,245,867,17,850,7513762685583754875,pending,,,,,,,,,,,,,,,,,,,,,,,,,,,,,,,,,,,,,,,,,
L1,Q12884,250,5,245,2448,48,2400,14090381868063500256,pending,,,,,,,,,,,,,,,,,,,,,,,,,,,,,,,,,,,,,,,,,
L1,Q13043,250,5,245,2550,50,2500,16382523093319334421,pending,,,,,,,,,,,,,,,,,,,,,,,,,,,,,,,,,,,,,,,,,
L1,Q13085,250,5,245,612,12,600,12066209541244680065,pending,,,,,,,,,,,,,,,,,,,,,,,,,,,,,,,,,,,,,,,,,
L1,Q13131,250,5,245,1326,26,1300,4470380551461594043,pending,,,,,,,,,,,,,,,,,,,,,,,,,,,,,,,,,,,,,,,,,
L1,Q13133,250,5,245,816,16,800,6538091382191110899,pending,,,,,,,,,,,,,,,,,,,,,,,,,,,,,,,,,,,,,,,,,
L1,Q13164,250,5,245,816,16,800,78368074705438125,pending,,,,,,,,,,,,,,,,,,,,,,,,,,,,,,,,,,,,,,,,,
L1,Q13188,250,5,245,2550,50,2500,7067318463354337166,pending,,,,,,,,,,,,,,,,,,,,,,,,,,,,,,,,,,,,,,,,,
L1,Q13224,250,5,245,1734,34,1700,13139059625812332642,pending,,,,,,,,,,,,,,,,,,,,,,,,,,,,,,,,,,,,,,,,,
L1,Q13315,250,5,245,714,14,700,4609130633363028156,pending,,,,,,,,,,,,,,,,,,,,,,,,,,,,,,,,,,,,,,,,,
L1,Q13464,250,5,245,1122,22,1100,14786523504396259503,pending,,,,,,,,,,,,,,,,,,,,,,,,,,,,,,,,,,,,,,,,,
L1,Q13526,250,5,245,1020,20,1000,1496017574539818862,pending,,,,,,,,,,,,,,,,,,,,,,,,,,,,,,,,,,,,,,,,,
L1,Q13546,250,5,245,2754,54,2700,5930723003183023373,pending,,,,,,,,,,,,,,,,,,,,,,,,,,,,,,,,,,,,,,,,,
L1,Q13547,250,5,245,18411,361,18050,5321043307285475410,pending,,,,,,,,,,,,,,,,,,,,,,,,,,,,,,,,,,,,,,,,,
L1,Q13627,250,5,245,5661,111,5550,6348456375366495466,pending,,,,,,,,,,,,,,,,,,,,,,,,,,,,,,,,,,,,,,,,,
L1,Q13822,250,5,245,1428,28,1400,9922382730674581039,pending,,,,,,,,,,,,,,,,,,,,,,,,,,,,,,,,,,,,,,,,,
L1,Q13946,250,5,245,612,12,600,9124790775002349420,pending,,,,,,,,,,,,,,,,,,,,,,,,,,,,,,,,,,,,,,,,,
L1,Q14145,250,5,245,663,13,650,5975973899804986446,pending,,,,,,,,,,,,,,,,,,,,,,,,,,,,,,,,,,,,,,,,,
L1,Q14289,250,5,245,1020,20,1000,16811121393944608738,pending,,,,,,,,,,,,,,,,,,,,,,,,,,,,,,,,,,,,,,,,,
L1,Q15059,250,5,245,2193,43,2150,16782739471245983405,pending,,,,,,,,,,,,,,,,,,,,,,,,,,,,,,,,,,,,,,,,,
L1,Q15118,250,5,245,663,13,650,14624251820546225139,pending,,,,,,,,,,,,,,,,,,,,,,,,,,,,,,,,,,,,,,,,,
L1,Q15303,250,5,245,714,14,700,11990071231909695047,pending,,,,,,,,,,,,,,,,,,,,,,,,,,,,,,,,,,,,,,,,,
L1,Q15561,250,5,245,2907,57,2850,6069267696950363866,pending,,,,,,,,,,,,,,,,,,,,,,,,,,,,,,,,,,,,,,,,,
L1,Q15910,250,5,245,1581,31,1550,10344298173892339337,pending,,,,,,,,,,,,,,,,,,,,,,,,,,,,,,,,,,,,,,,,,
L1,Q16288,250,5,245,1020,20,1000,8334557688123252121,pending,,,,,,,,,,,,,,,,,,,,,,,,,,,,,,,,,,,,,,,,,
L1,Q16512,250,5,245,816,16,800,4508276768161664925,pending,,,,,,,,,,,,,,,,,,,,,,,,,,,,,,,,,,,,,,,,,
L1,Q16539,250,5,245,714,14,700,14197881312659258517,pending,,,,,,,,,,,,,,,,,,,,,,,,,,,,,,,,,,,,,,,,,
L1,Q16620,250,5,245,969,19,950,12567104786110468318,pending,,,,,,,,,,,,,,,,,,,,,,,,,,,,,,,,,,,,,,,,,
L1,Q16678,250,5,245,5457,107,5350,6872243298884385731,pending,,,,,,,,,,,,,,,,,,,,,,,,,,,,,,,,,,,,,,,,,
L1,Q16769,250,5,245,1377,27,1350,7186950355816733006,pending,,,,,,,,,,,,,,,,,,,,,,,,,,,,,,,,,,,,,,,,,
L1,Q16790,250,5,245,10455,205,10250,4851085701000841860,pending,,,,,,,,,,,,,,,,,,,,,,,,,,,,,,,,,,,,,,,,,
L1,Q2KHZ8,250,5,245,1326,26,1300,14716947273792017918,unavailable,FileNotFoundError: Pocket absent from dataset and source archive,,,,,,,,,,,,,,,,,,,,,,,,,,,,,,,,,,,,,,,,
L1,Q2M2I8,250,5,245,1479,29,1450,4809958747015681974,pending,,,,,,,,,,,,,,,,,,,,,,,,,,,,,,,,,,,,,,,,,
L1,Q5BJF2,250,5,245,1938,38,1900,6737454643588720671,unavailable,FileNotFoundError: Pocket absent from dataset and source archive,,,,,,,,,,,,,,,,,,,,,,,,,,,,,,,,,,,,,,,,
L1,Q5S007,250,5,245,1479,29,1450,7554767612429160500,pending,,,,,,,,,,,,,,,,,,,,,,,,,,,,,,,,,,,,,,,,,
L1,Q5TCY1,250,5,245,816,16,800,9102911305568579780,pending,,,,,,,,,,,,,,,,,,,,,,,,,,,,,,,,,,,,,,,,,
L1,Q6GI75,250,5,245,816,16,800,1603210595158575380,pending,,,,,,,,,,,,,,,,,,,,,,,,,,,,,,,,,,,,,,,,,
L1,Q6P179,250,5,245,612,12,600,6748000473847000634,pending,,,,,,,,,,,,,,,,,,,,,,,,,,,,,,,,,,,,,,,,,
L1,Q6ZQW0,250,5,245,4896,96,4800,3403177668403156457,unavailable,FileNotFoundError: Pocket absent from dataset and source archive,,,,,,,,,,,,,,,,,,,,,,,,,,,,,,,,,,,,,,,,
L1,Q72547,250,5,245,1785,35,1750,7719721975238771104,pending,,,,,,,,,,,,,,,,,,,,,,,,,,,,,,,,,,,,,,,,,
L1,Q7ZJM1,250,5,245,510,10,500,9552010107262711847,unavailable,FileNotFoundError: Pocket absent from dataset and source archive,,,,,,,,,,,,,,,,,,,,,,,,,,,,,,,,,,,,,,,,
L1,Q86V86,250,5,245,1275,25,1250,17257362044784017815,unavailable,FileNotFoundError: Pocket absent from dataset and source archive,,,,,,,,,,,,,,,,,,,,,,,,,,,,,,,,,,,,,,,,
L1,Q86W56,250,5,245,2142,42,2100,1336860696561666890,pending,,,,,,,,,,,,,,,,,,,,,,,,,,,,,,,,,,,,,,,,,
L1,Q86WV6,250,5,245,1275,25,1250,6300170640958834640,pending,,,,,,,,,,,,,,,,,,,,,,,,,,,,,,,,,,,,,,,,,
L1,Q86X55,250,5,245,2448,48,2400,4576270587699974266,pending,,,,,,,,,,,,,,,,,,,,,,,,,,,,,,,,,,,,,,,,,
L1,Q86YT5,250,5,245,816,16,800,14781880570825115651,pending,,,,,,,,,,,,,,,,,,,,,,,,,,,,,,,,,,,,,,,,,
L1,Q8IXJ6,250,5,245,1224,24,1200,15119250788998830704,pending,,,,,,,,,,,,,,,,,,,,,,,,,,,,,,,,,,,,,,,,,
L1,Q8N1Q1,250,5,245,510,10,500,2146555447145422623,pending,,,,,,,,,,,,,,,,,,,,,,,,,,,,,,,,,,,,,,,,,
L1,Q8N884,250,5,245,714,14,700,4835615627907396749,pending,,,,,,,,,,,,,,,,,,,,,,,,,,,,,,,,,,,,,,,,,
L1,Q8NEB9,250,5,245,663,13,650,415838114078247792,pending,,,,,,,,,,,,,,,,,,,,,,,,,,,,,,,,,,,,,,,,,
L1,Q8NER1,250,5,245,510,10,500,13423059146847976085,pending,,,,,,,,,,,,,,,,,,,,,,,,,,,,,,,,,,,,,,,,,
L1,Q8R4B8,250,5,245,1020,20,1000,9863071052375169163,pending,,,,,,,,,,,,,,,,,,,,,,,,,,,,,,,,,,,,,,,,,
L1,Q8TF76,250,5,245,663,13,650,5657570312622658878,pending,,,,,,,,,,,,,,,,,,,,,,,,,,,,,,,,,,,,,,,,,
L1,Q8WUI4,250,5,245,867,17,850,9271544831747164005,pending,,,,,,,,,,,,,,,,,,,,,,,,,,,,,,,,,,,,,,,,,
L1,Q92769,250,5,245,6477,127,6350,10351535265989939870,pending,,,,,,,,,,,,,,,,,,,,,,,,,,,,,,,,,,,,,,,,,
L1,Q92793,250,5,245,612,12,600,8501872402188577611,pending,,,,,,,,,,,,,,,,,,,,,,,,,,,,,,,,,,,,,,,,,
L1,Q92918,250,5,245,8211,161,8050,16463959449931021910,pending,,,,,,,,,,,,,,,,,,,,,,,,,,,,,,,,,,,,,,,,,
L1,Q93009,250,5,245,816,16,800,4734199160967497026,pending,,,,,,,,,,,,,,,,,,,,,,,,,,,,,,,,,,,,,,,,,
L1,Q969S8,250,5,245,1938,38,1900,326549473577694795,unavailable,FileNotFoundError: Pocket absent from dataset and source archive,,,,,,,,,,,,,,,,,,,,,,,,,,,,,,,,,,,,,,,,
L1,Q96EB6,250,5,245,561,11,550,8676480114015103238,pending,,,,,,,,,,,,,,,,,,,,,,,,,,,,,,,,,,,,,,,,,
L1,Q96GD4,250,5,245,1224,24,1200,4600908608110003845,pending,,,,,,,,,,,,,,,,,,,,,,,,,,,,,,,,,,,,,,,,,
L1,Q96KQ7,250,5,245,1530,30,1500,8161484323439914670,pending,,,,,,,,,,,,,,,,,,,,,,,,,,,,,,,,,,,,,,,,,
L1,Q96LA8,250,5,245,612,12,600,15588329329606766997,pending,,,,,,,,,,,,,,,,,,,,,,,,,,,,,,,,,,,,,,,,,
L1,Q96MU7,250,5,245,561,11,550,4204829384209314381,pending,,,,,,,,,,,,,,,,,,,,,,,,,,,,,,,,,,,,,,,,,
L1,Q96P20,250,5,245,1224,24,1200,15658970561187111548,pending,,,,,,,,,,,,,,,,,,,,,,,,,,,,,,,,,,,,,,,,,
L1,Q96RI1,250,5,245,663,13,650,1379362191591547879,pending,,,,,,,,,,,,,,,,,,,,,,,,,,,,,,,,,,,,,,,,,
L1,Q96S37,250,5,245,1224,24,1200,12499638696306767406,pending,,,,,,,,,,,,,,,,,,,,,,,,,,,,,,,,,,,,,,,,,
L1,Q99640,250,5,245,2295,45,2250,9303002733905346164,pending,,,,,,,,,,,,,,,,,,,,,,,,,,,,,,,,,,,,,,,,,
L1,Q99683,250,5,245,816,16,800,12212815141045841810,pending,,,,,,,,,,,,,,,,,,,,,,,,,,,,,,,,,,,,,,,,,
L1,Q99685,250,5,245,561,11,550,17895312410765738639,pending,,,,,,,,,,,,,,,,,,,,,,,,,,,,,,,,,,,,,,,,,
L1,Q99720,250,5,245,3213,63,3150,10642990073489403723,pending,,,,,,,,,,,,,,,,,,,,,,,,,,,,,,,,,,,,,,,,,
L1,Q99873,250,5,245,1734,34,1700,8496509322581103412,pending,,,,,,,,,,,,,,,,,,,,,,,,,,,,,,,,,,,,,,,,,
L1,Q9BUB5,250,5,245,663,13,650,15378740408222132736,pending,,,,,,,,,,,,,,,,,,,,,,,,,,,,,,,,,,,,,,,,,
L1,Q9BV86,250,5,245,714,14,700,14902785054349629742,pending,,,,,,,,,,,,,,,,,,,,,,,,,,,,,,,,,,,,,,,,,
L1,Q9BWU1,250,5,245,918,18,900,9140113916366060602,unavailable,FileNotFoundError: Pocket absent from dataset and source archive,,,,,,,,,,,,,,,,,,,,,,,,,,,,,,,,,,,,,,,,
L1,Q9BY41,250,5,245,5304,104,5200,3930651490788399338,pending,,,,,,,,,,,,,,,,,,,,,,,,,,,,,,,,,,,,,,,,,
L1,Q9C0B1,250,5,245,4131,81,4050,11669601654921955920,pending,,,,,,,,,,,,,,,,,,,,,,,,,,,,,,,,,,,,,,,,,
L1,Q9GZQ8,250,5,245,918,18,900,4679132660115093901,pending,,,,,,,,,,,,,,,,,,,,,,,,,,,,,,,,,,,,,,,,,
L1,Q9H2K2,250,5,245,1734,34,1700,13946939805890621654,pending,,,,,,,,,,,,,,,,,,,,,,,,,,,,,,,,,,,,,,,,,
L1,Q9H999,250,5,245,1428,28,1400,1610612006216043755,pending,,,,,,,,,,,,,,,,,,,,,,,,,,,,,,,,,,,,,,,,,
L1,Q9H9B1,250,5,245,918,18,900,7333244756192612305,pending,,,,,,,,,,,,,,,,,,,,,,,,,,,,,,,,,,,,,,,,,
L1,Q9HBH9,250,5,245,612,12,600,9569157286490756781,pending,,,,,,,,,,,,,,,,,,,,,,,,,,,,,,,,,,,,,,,,,
L1,Q9NQS5,250,5,245,663,13,650,4158681090936546722,pending,,,,,,,,,,,,,,,,,,,,,,,,,,,,,,,,,,,,,,,,,
L1,Q9NWZ3,250,5,245,4641,91,4550,10481031468003760105,pending,,,,,,,,,,,,,,,,,,,,,,,,,,,,,,,,,,,,,,,,,
L1,Q9NXA8,250,5,245,663,13,650,13890915149884528867,pending,,,,,,,,,,,,,,,,,,,,,,,,,,,,,,,,,,,,,,,,,
L1,Q9NYV4,250,5,245,714,14,700,3354973247152217454,pending,,,,,,,,,,,,,,,,,,,,,,,,,,,,,,,,,,,,,,,,,
L1,Q9NZQ7,250,5,245,4335,85,4250,7592739960167274828,pending,,,,,,,,,,,,,,,,,,,,,,,,,,,,,,,,,,,,,,,,,
L1,Q9P1W9,250,5,245,1173,23,1150,1960877083825496996,pending,,,,,,,,,,,,,,,,,,,,,,,,,,,,,,,,,,,,,,,,,
L1,Q9P2K8,250,5,245,867,17,850,14457401877586718,pending,,,,,,,,,,,,,,,,,,,,,,,,,,,,,,,,,,,,,,,,,
L1,Q9UBF8,250,5,245,2193,43,2150,10055477336337024739,pending,,,,,,,,,,,,,,,,,,,,,,,,,,,,,,,,,,,,,,,,,
L1,Q9UBN7,250,5,245,21726,426,21300,7892823061805545283,pending,,,,,,,,,,,,,,,,,,,,,,,,,,,,,,,,,,,,,,,,,
L1,Q9UDY8,250,5,245,663,13,650,13292003933303376428,pending,,,,,,,,,,,,,,,,,,,,,,,,,,,,,,,,,,,,,,,,,
L1,Q9UGL1,250,5,245,510,10,500,8024490205963324028,pending,,,,,,,,,,,,,,,,,,,,,,,,,,,,,,,,,,,,,,,,,
L1,Q9UGN5,250,5,245,2040,40,2000,11775573236333602420,pending,,,,,,,,,,,,,,,,,,,,,,,,,,,,,,,,,,,,,,,,,
L1,Q9UIQ6,250,5,245,1173,23,1150,12983768193475978565,pending,,,,,,,,,,,,,,,,,,,,,,,,,,,,,,,,,,,,,,,,,
L1,Q9UKE5,250,5,245,663,13,650,2942582949794389778,pending,,,,,,,,,,,,,,,,,,,,,,,,,,,,,,,,,,,,,,,,,
L1,Q9UKV0,250,5,245,867,17,850,15757110256301692623,unavailable,FileNotFoundError: Pocket absent from dataset and source archive,,,,,,,,,,,,,,,,,,,,,,,,,,,,,,,,,,,,,,,,
L1,Q9ULX7,250,5,245,1224,24,1200,1417860347016148148,pending,,,,,,,,,,,,,,,,,,,,,,,,,,,,,,,,,,,,,,,,,
L1,Q9UM73,250,5,245,2142,42,2100,5787730402080857855,pending,,,,,,,,,,,,,,,,,,,,,,,,,,,,,,,,,,,,,,,,,
L1,Q9UQB9,250,5,245,510,10,500,14986921534296788971,pending,,,,,,,,,,,,,,,,,,,,,,,,,,,,,,,,,,,,,,,,,
L1,Q9UQD0,250,5,245,765,15,750,17279344212651077196,pending,,,,,,,,,,,,,,,,,,,,,,,,,,,,,,,,,,,,,,,,,
L1,Q9UQL6,250,5,245,1071,21,1050,13012721016062897829,unavailable,FileNotFoundError: Pocket absent from dataset and source archive,,,,,,,,,,,,,,,,,,,,,,,,,,,,,,,,,,,,,,,,
L1,Q9WKE8,250,5,245,561,11,550,7206516466656684286,unavailable,FileNotFoundError: Pocket absent from dataset and source archive,,,,,,,,,,,,,,,,,,,,,,,,,,,,,,,,,,,,,,,,
L1,Q9Y233,250,5,245,2142,42,2100,10392956177630705112,pending,,,,,,,,,,,,,,,,,,,,,,,,,,,,,,,,,,,,,,,,,
L1,Q9Y243,250,5,245,510,10,500,9852069644820627628,unavailable,FileNotFoundError: Pocket absent from dataset and source archive,,,,,,,,,,,,,,,,,,,,,,,,,,,,,,,,,,,,,,,,
L1,Q9Y2D0,250,5,245,3111,61,3050,12416413893164659134,unavailable,FileNotFoundError: Pocket absent from dataset and source archive,,,,,,,,,,,,,,,,,,,,,,,,,,,,,,,,,,,,,,,,
L1,Q9Y2K2,250,5,245,1938,38,1900,14819946728801329503,pending,,,,,,,,,,,,,,,,,,,,,,,,,,,,,,,,,,,,,,,,,
L1,Q9Y2R2,250,5,245,612,12,600,6558033975942000566,pending,,,,,,,,,,,,,,,,,,,,,,,,,,,,,,,,,,,,,,,,,
L1,Q9Y463,250,5,245,1224,24,1200,12102831601420967045,pending,,,,,,,,,,,,,,,,,,,,,,,,,,,,,,,,,,,,,,,,,
L1,Q9Y5Y9,250,5,245,2091,41,2050,14809418010295598645,pending,,,,,,,,,,,,,,,,,,,,,,,,,,,,,,,,,,,,,,,,,
L1,Q9Y5Z0,250,5,245,11577,227,11350,8903419485730858820,pending,,,,,,,,,,,,,,,,,,,,,,,,,,,,,,,,,,,,,,,,,
L2,C7C422,250,5,245,3723,73,3650,1663652323069162394,pending,,,,,,,,,,,,,,,,,,,,,,,,,,,,,,,,,,,,,,,,,
L2,I6YFP0,250,5,245,561,11,550,191557149590920220,pending,,,,,,,,,,,,,,,,,,,,,,,,,,,,,,,,,,,,,,,,,
L2,O00141,250,5,245,1734,34,1700,11766861303635048276,pending,,,,,,,,,,,,,,,,,,,,,,,,,,,,,,,,,,,,,,,,,
L2,O00255,250,5,245,20349,399,19950,14118681355419018136,pending,,,,,,,,,,,,,,,,,,,,,,,,,,,,,,,,,,,,,,,,,
L2,O00329,250,5,245,41769,819,40950,6491563748785668,pending,,,,,,,,,,,,,,,,,,,,,,,,,,,,,,,,,,,,,,,,,
L2,O00444,250,5,245,1836,36,1800,14271792452494565032,pending,,,,,,,,,,,,,,,,,,,,,,,,,,,,,,,,,,,,,,,,,
L2,O00519,250,5,245,12444,244,12200,5967469193036432414,unavailable,FileNotFoundError: Pocket absent from dataset and source archive,,,,,,,,,,,,,,,,,,,,,,,,,,,,,,,,,,,,,,,,
L2,O00763,250,5,245,2346,46,2300,3991195880783702137,pending,,,,,,,,,,,,,,,,,,,,,,,,,,,,,,,,,,,,,,,,,
L2,O14684,250,5,245,6375,125,6250,17495082829030401361,pending,,,,,,,,,,,,,,,,,,,,,,,,,,,,,,,,,,,,,,,,,
L2,O14733,250,5,245,816,16,800,14947763715236614885,pending,,,,,,,,,,,,,,,,,,,,,,,,,,,,,,,,,,,,,,,,,
L2,O14744,250,5,245,41514,814,40700,2864227558227570500,pending,,,,,,,,,,,,,,,,,,,,,,,,,,,,,,,,,,,,,,,,,
L2,O14757,250,5,245,9690,190,9500,7820582350880919566,pending,,,,,,,,,,,,,,,,,,,,,,,,,,,,,,,,,,,,,,,,,
L2,O14842,250,5,245,918,18,900,2122705386842237872,pending,,,,,,,,,,,,,,,,,,,,,,,,,,,,,,,,,,,,,,,,,
L2,O14965,250,5,245,2601,51,2550,9089997452020418063,pending,,,,,,,,,,,,,,,,,,,,,,,,,,,,,,,,,,,,,,,,,
L2,O14976,250,5,245,1683,33,1650,10511890916452873315,pending,,,,,,,,,,,,,,,,,,,,,,,,,,,,,,,,,,,,,,,,,
L2,O15151,250,5,245,561,11,550,134221141540097019,pending,,,,,,,,,,,,,,,,,,,,,,,,,,,,,,,,,,,,,,,,,
L2,O15379,250,5,245,21063,413,20650,6167207608714682528,pending,,,,,,,,,,,,,,,,,,,,,,,,,,,,,,,,,,,,,,,,,
L2,O35678,250,5,245,510,10,500,4255361404286522848,unavailable,FileNotFoundError: Pocket absent from dataset and source archive,,,,,,,,,,,,,,,,,,,,,,,,,,,,,,,,,,,,,,,,
L2,O43318,250,5,245,765,15,750,13422304190510479640,pending,,,,,,,,,,,,,,,,,,,,,,,,,,,,,,,,,,,,,,,,,
L2,O43353,250,5,245,15147,297,14850,18199711393580034695,pending,,,,,,,,,,,,,,,,,,,,,,,,,,,,,,,,,,,,,,,,,
L2,O43497,250,5,245,7905,155,7750,18103402742554871580,pending,,,,,,,,,,,,,,,,,,,,,,,,,,,,,,,,,,,,,,,,,
L2,O43570,250,5,245,12189,239,11950,12972636125358230068,pending,,,,,,,,,,,,,,,,,,,,,,,,,,,,,,,,,,,,,,,,,
L2,O43613,250,5,245,5049,99,4950,7108856369770987088,pending,,,,,,,,,,,,,,,,,,,,,,,,,,,,,,,,,,,,,,,,,
L2,O43614,250,5,245,7395,145,7250,5524034276447137950,pending,,,,,,,,,,,,,,,,,,,,,,,,,,,,,,,,,,,,,,,,,
L2,O43924,250,5,245,714,14,700,8503250278062558706,pending,,,,,,,,,,,,,,,,,,,,,,,,,,,,,,,,,,,,,,,,,
L2,O60341,250,5,245,41157,807,40350,3373924445029762335,pending,,,,,,,,,,,,,,,,,,,,,,,,,,,,,,,,,,,,,,,,,
L2,O60502,250,5,245,15351,301,15050,7305229426352837755,pending,,,,,,,,,,,,,,,,,,,,,,,,,,,,,,,,,,,,,,,,,
L2,O60674,250,5,245,38709,759,37950,17154593696882433231,pending,,,,,,,,,,,,,,,,,,,,,,,,,,,,,,,,,,,,,,,,,
L2,O60760,250,5,245,1581,31,1550,15348961132231028497,pending,,,,,,,,,,,,,,,,,,,,,,,,,,,,,,,,,,,,,,,,,
L2,O60885,250,5,245,29376,576,28800,18190227787971328489,pending,,,,,,,,,,,,,,,,,,,,,,,,,,,,,,,,,,,,,,,,,
L2,O75116,250,5,245,15351,301,15050,96422755547795133,pending,,,,,,,,,,,,,,,,,,,,,,,,,,,,,,,,,,,,,,,,,
L2,O75173,250,5,245,4233,83,4150,13892443145071178368,pending,,,,,,,,,,,,,,,,,,,,,,,,,,,,,,,,,,,,,,,,,
L2,O75385,250,5,245,20808,408,20400,6785388092943085481,pending,,,,,,,,,,,,,,,,,,,,,,,,,,,,,,,,,,,,,,,,,
L2,O75417,250,5,245,96237,1887,94350,17733911890822915644,pending,,,,,,,,,,,,,,,,,,,,,,,,,,,,,,,,,,,,,,,,,
L2,O75460,250,5,245,14178,278,13900,10320801666659753369,pending,,,,,,,,,,,,,,,,,,,,,,,,,,,,,,,,,,,,,,,,,
L2,O75762,250,5,245,12291,241,12050,2404628634666981372,pending,,,,,,,,,,,,,,,,,,,,,,,,,,,,,,,,,,,,,,,,,
L2,O75874,250,5,245,3060,60,3000,17006616708931082912,pending,,,,,,,,,,,,,,,,,,,,,,,,,,,,,,,,,,,,,,,,,
L2,O75936,250,5,245,1173,23,1150,10484783788686986657,pending,,,,,,,,,,,,,,,,,,,,,,,,,,,,,,,,,,,,,,,,,
L2,O76074,250,5,245,1428,28,1400,4678447820996688660,pending,,,,,,,,,,,,,,,,,,,,,,,,,,,,,,,,,,,,,,,,,
L2,O76083,250,5,245,8160,160,8000,13060066161716404958,pending,,,,,,,,,,,,,,,,,,,,,,,,,,,,,,,,,,,,,,,,,
L2,O95271,250,5,245,2805,55,2750,15894106879857306141,pending,,,,,,,,,,,,,,,,,,,,,,,,,,,,,,,,,,,,,,,,,
L2,O95497,250,5,245,6018,118,5900,14131699741857989121,pending,,,,,,,,,,,,,,,,,,,,,,,,,,,,,,,,,,,,,,,,,
L2,O95819,250,5,245,3366,66,3300,4803491071764017029,pending,,,,,,,,,,,,,,,,,,,,,,,,,,,,,,,,,,,,,,,,,
L2,O96013,250,5,245,1785,35,1750,3085479108941988211,pending,,,,,,,,,,,,,,,,,,,,,,,,,,,,,,,,,,,,,,,,,
L2,O96017,250,5,245,3315,65,3250,4767766917126171310,pending,,,,,,,,,,,,,,,,,,,,,,,,,,,,,,,,,,,,,,,,,
L2,O96028,250,5,245,3927,77,3850,11319788269225129223,pending,,,,,,,,,,,,,,,,,,,,,,,,,,,,,,,,,,,,,,,,,
L2,P00338,250,5,245,5151,101,5050,2373138071014003477,pending,,,,,,,,,,,,,,,,,,,,,,,,,,,,,,,,,,,,,,,,,
L2,P00519,250,5,245,14994,294,14700,14505860456542306643,pending,,,,,,,,,,,,,,,,,,,,,,,,,,,,,,,,,,,,,,,,,
L2,P00533,250,5,245,104397,2047,102350,14044175369159995608,pending,,,,,,,,,,,,,,,,,,,,,,,,,,,,,,,,,,,,,,,,,
L2,P00734,250,5,245,3672,72,3600,9764266855483377859,pending,,,,,,,,,,,,,,,,,,,,,,,,,,,,,,,,,,,,,,,,,
L2,P00742,250,5,245,3366,66,3300,6930948518112455559,pending,,,,,,,,,,,,,,,,,,,,,,,,,,,,,,,,,,,,,,,,,
L2,P00746,250,5,245,18564,364,18200,1921298899897783554,pending,,,,,,,,,,,,,,,,,,,,,,,,,,,,,,,,,,,,,,,,,
L2,P00748,250,5,245,1581,31,1550,5679334604344466073,pending,,,,,,,,,,,,,,,,,,,,,,,,,,,,,,,,,,,,,,,,,
L2,P00751,250,5,245,7446,146,7300,9095636110284211899,pending,,,,,,,,,,,,,,,,,,,,,,,,,,,,,,,,,,,,,,,,,
L2,P00797,250,5,245,1887,37,1850,6915004880932391133,pending,,,,,,,,,,,,,,,,,,,,,,,,,,,,,,,,,,,,,,,,,
L2,P00915,250,5,245,11373,223,11150,16975029423416756310,pending,,,,,,,,,,,,,,,,,,,,,,,,,,,,,,,,,,,,,,,,,
L2,P00918,250,5,245,17340,340,17000,13412473997379800480,pending,,,,,,,,,,,,,,,,,,,,,,,,,,,,,,,,,,,,,,,,,
L2,P01116,250,6,244,145641,3262,142379,9442498777528429117,pending,,,,,,,,,,,,,,,,,,,,,,,,,,,,,,,,,,,,,,,,,
L2,P01375,250,5,245,1071,21,1050,10084065881871120872,pending,,,,,,,,,,,,,,,,,,,,,,,,,,,,,,,,,,,,,,,,,
L2,P02753,250,5,245,1173,23,1150,4559315697520355506,pending,,,,,,,,,,,,,,,,,,,,,,,,,,,,,,,,,,,,,,,,,
L2,P03372,250,5,245,11118,218,10900,1223626397116884135,pending,,,,,,,,,,,,,,,,,,,,,,,,,,,,,,,,,,,,,,,,,
L2,P03468,250,5,245,2601,51,2550,6899112300994053071,unavailable,FileNotFoundError: Pocket absent from dataset and source archive,,,,,,,,,,,,,,,,,,,,,,,,,,,,,,,,,,,,,,,,
L2,P03951,250,5,245,5151,101,5050,7886597490190344571,pending,,,,,,,,,,,,,,,,,,,,,,,,,,,,,,,,,,,,,,,,,
L2,P03952,250,5,245,6630,130,6500,14331260829528708501,pending,,,,,,,,,,,,,,,,,,,,,,,,,,,,,,,,,,,,,,,,,
L2,P04049,250,5,245,33456,656,32800,12261830180443422009,pending,,,,,,,,,,,,,,,,,,,,,,,,,,,,,,,,,,,,,,,,,
L2,P04150,250,5,245,14586,286,14300,1267012151351741040,pending,,,,,,,,,,,,,,,,,,,,,,,,,,,,,,,,,,,,,,,,,
L2,P04293,250,5,245,18105,355,17750,14283120875372249304,pending,,,,,,,,,,,,,,,,,,,,,,,,,,,,,,,,,,,,,,,,,
L2,P04585,250,5,245,714,14,700,8888418587192879505,pending,,,,,,,,,,,,,,,,,,,,,,,,,,,,,,,,,,,,,,,,,
L2,P04626,250,5,245,51204,1004,50200,14278437647177883716,pending,,,,,,,,,,,,,,,,,,,,,,,,,,,,,,,,,,,,,,,,,
L2,P04629,250,5,245,30498,598,29900,17234328478173509095,pending,,,,,,,,,,,,,,,,,,,,,,,,,,,,,,,,,,,,,,,,,
L2,P04798,250,5,245,1734,34,1700,3619341666096113179,pending,,,,,,,,,,,,,,,,,,,,,,,,,,,,,,,,,,,,,,,,,
L2,P04818,250,5,245,1326,26,1300,8293847524296895953,pending,,,,,,,,,,,,,,,,,,,,,,,,,,,,,,,,,,,,,,,,,
L2,P05089,250,5,245,663,13,650,16807063169208879799,pending,,,,,,,,,,,,,,,,,,,,,,,,,,,,,,,,,,,,,,,,,
L2,P05177,250,5,245,1836,36,1800,14466285297366764031,pending,,,,,,,,,,,,,,,,,,,,,,,,,,,,,,,,,,,,,,,,,
L2,P05981,250,5,245,714,14,700,816408280756116620,pending,,,,,,,,,,,,,,,,,,,,,,,,,,,,,,,,,,,,,,,,,
L2,P06239,250,5,245,36465,715,35750,1882552201313236305,pending,,,,,,,,,,,,,,,,,,,,,,,,,,,,,,,,,,,,,,,,,
L2,P06241,250,5,245,2754,54,2700,5353461766602988946,pending,,,,,,,,,,,,,,,,,,,,,,,,,,,,,,,,,,,,,,,,,
L2,P06276,250,5,245,7089,139,6950,439711114440945506,pending,,,,,,,,,,,,,,,,,,,,,,,,,,,,,,,,,,,,,,,,,
L2,P06401,250,5,245,1020,20,1000,3711736755775696534,pending,,,,,,,,,,,,,,,,,,,,,,,,,,,,,,,,,,,,,,,,,
L2,P06493,250,5,245,9486,186,9300,10836937776846104919,pending,,,,,,,,,,,,,,,,,,,,,,,,,,,,,,,,,,,,,,,,,
L2,P06730,250,5,245,1173,23,1150,14472295240299528404,pending,,,,,,,,,,,,,,,,,,,,,,,,,,,,,,,,,,,,,,,,,
L2,P06935,250,5,245,4590,90,4500,10358309965934275186,pending,,,,,,,,,,,,,,,,,,,,,,,,,,,,,,,,,,,,,,,,,
L2,P07333,250,5,245,39423,773,38650,1913338000925777852,pending,,,,,,,,,,,,,,,,,,,,,,,,,,,,,,,,,,,,,,,,,
L2,P07711,250,5,245,5763,113,5650,11892912751251319403,pending,,,,,,,,,,,,,,,,,,,,,,,,,,,,,,,,,,,,,,,,,
L2,P07858,250,5,245,1479,29,1450,3329079410947284534,pending,,,,,,,,,,,,,,,,,,,,,,,,,,,,,,,,,,,,,,,,,
L2,P07900,250,5,245,1785,35,1750,13107503704271348632,pending,,,,,,,,,,,,,,,,,,,,,,,,,,,,,,,,,,,,,,,,,
L2,P07948,250,5,245,510,10,500,10430102582239877790,pending,,,,,,,,,,,,,,,,,,,,,,,,,,,,,,,,,,,,,,,,,
L2,P07949,250,5,245,13413,263,13150,6178461899220418613,pending,,,,,,,,,,,,,,,,,,,,,,,,,,,,,,,,,,,,,,,,,
L2,P08069,250,5,245,18309,359,17950,2484275240073960069,pending,,,,,,,,,,,,,,,,,,,,,,,,,,,,,,,,,,,,,,,,,
L2,P08172,250,5,245,2448,48,2400,4392089998879000025,pending,,,,,,,,,,,,,,,,,,,,,,,,,,,,,,,,,,,,,,,,,
L2,P08173,250,5,245,3978,78,3900,745667708031912097,pending,,,,,,,,,,,,,,,,,,,,,,,,,,,,,,,,,,,,,,,,,
L2,P08183,250,5,245,1326,26,1300,7804957979258862042,pending,,,,,,,,,,,,,,,,,,,,,,,,,,,,,,,,,,,,,,,,,
L2,P08238,250,5,245,2499,49,2450,10520798952168474712,pending,,,,,,,,,,,,,,,,,,,,,,,,,,,,,,,,,,,,,,,,,
L2,P08246,250,5,245,510,10,500,811438225980483897,pending,,,,,,,,,,,,,,,,,,,,,,,,,,,,,,,,,,,,,,,,,
L2,P08253,250,5,245,1275,25,1250,10708001086098595738,pending,,,,,,,,,,,,,,,,,,,,,,,,,,,,,,,,,,,,,,,,,
L2,P08254,250,5,245,816,16,800,4016666422418057856,pending,,,,,,,,,,,,,,,,,,,,,,,,,,,,,,,,,,,,,,,,,
L2,P08581,250,5,245,42381,831,41550,3306303683029078755,pending,,,,,,,,,,,,,,,,,,,,,,,,,,,,,,,,,,,,,,,,,
L2,P08684,250,5,245,1377,27,1350,8178031383478945214,pending,,,,,,,,,,,,,,,,,,,,,,,,,,,,,,,,,,,,,,,,,
L2,P08908,250,5,245,10557,207,10350,17618342059158052722,pending,,,,,,,,,,,,,,,,,,,,,,,,,,,,,,,,,,,,,,,,,
L2,P08912,250,5,245,1326,26,1300,12979518691719247953,pending,,,,,,,,,,,,,,,,,,,,,,,,,,,,,,,,,,,,,,,,,
L2,P08922,250,5,245,2601,51,2550,14918621823268469457,pending,,,,,,,,,,,,,,,,,,,,,,,,,,,,,,,,,,,,,,,,,
L2,P09237,250,5,245,1071,21,1050,16552676176748627581,pending,,,,,,,,,,,,,,,,,,,,,,,,,,,,,,,,,,,,,,,,,
L2,P09238,250,5,245,867,17,850,7905339474450618943,pending,,,,,,,,,,,,,,,,,,,,,,,,,,,,,,,,,,,,,,,,,
L2,P09382,250,5,245,25755,505,25250,7022350941761999311,pending,,,,,,,,,,,,,,,,,,,,,,,,,,,,,,,,,,,,,,,,,
L2,P09619,250,5,245,21879,429,21450,14569202068864095600,unavailable,FileNotFoundError: Pocket absent from dataset and source archive,,,,,,,,,,,,,,,,,,,,,,,,,,,,,,,,,,,,,,,,
L2,P09874,250,5,245,47022,922,46100,16185581633082102050,pending,,,,,,,,,,,,,,,,,,,,,,,,,,,,,,,,,,,,,,,,,
L2,P09917,250,5,245,714,14,700,440297071884143757,pending,,,,,,,,,,,,,,,,,,,,,,,,,,,,,,,,,,,,,,,,,
L2,P09960,250,5,245,765,15,750,3099527421969151373,pending,,,,,,,,,,,,,,,,,,,,,,,,,,,,,,,,,,,,,,,,,
L2,P0A017,250,5,245,1020,20,1000,439804467595404341,pending,,,,,,,,,,,,,,,,,,,,,,,,,,,,,,,,,,,,,,,,,
L2,P0A0K8,250,5,245,1326,26,1300,7924078005581728061,pending,,,,,,,,,,,,,,,,,,,,,,,,,,,,,,,,,,,,,,,,,
L2,P0A725,250,5,245,1122,22,1100,16948507375591531883,pending,,,,,,,,,,,,,,,,,,,,,,,,,,,,,,,,,,,,,,,,,
L2,P0AES6,250,5,245,1275,25,1250,6069014448787135895,pending,,,,,,,,,,,,,,,,,,,,,,,,,,,,,,,,,,,,,,,,,
L2,P0DMS8,250,5,245,2550,50,2500,6648166714280927718,pending,,,,,,,,,,,,,,,,,,,,,,,,,,,,,,,,,,,,,,,,,
L2,P0DTD1,250,5,245,98073,1923,96150,1536685140191632567,pending,,,,,,,,,,,,,,,,,,,,,,,,,,,,,,,,,,,,,,,,,
L2,P0DUB6,250,5,245,1989,39,1950,13785229744204803592,pending,,,,,,,,,,,,,,,,,,,,,,,,,,,,,,,,,,,,,,,,,
L2,P10275,250,5,245,7395,145,7250,11668528238010590696,pending,,,,,,,,,,,,,,,,,,,,,,,,,,,,,,,,,,,,,,,,,
L2,P10398,250,5,245,5253,103,5150,14313384101840225000,pending,,,,,,,,,,,,,,,,,,,,,,,,,,,,,,,,,,,,,,,,,
L2,P10415,250,5,245,51357,1007,50350,17741638539267116161,pending,,,,,,,,,,,,,,,,,,,,,,,,,,,,,,,,,,,,,,,,,
L2,P10721,250,5,245,57222,1122,56100,5416684712028009696,pending,,,,,,,,,,,,,,,,,,,,,,,,,,,,,,,,,,,,,,,,,
L2,P11229,250,5,245,1224,24,1200,10282477730026776853,pending,,,,,,,,,,,,,,,,,,,,,,,,,,,,,,,,,,,,,,,,,
L2,P11309,250,5,245,3366,66,3300,17004265975395898591,pending,,,,,,,,,,,,,,,,,,,,,,,,,,,,,,,,,,,,,,,,,
L2,P11362,250,5,245,25551,501,25050,14515281829394143457,pending,,,,,,,,,,,,,,,,,,,,,,,,,,,,,,,,,,,,,,,,,
L2,P11474,250,5,245,10149,199,9950,17833545973718602014,pending,,,,,,,,,,,,,,,,,,,,,,,,,,,,,,,,,,,,,,,,,
L2,P11511,250,5,245,867,17,850,13527413119175456876,pending,,,,,,,,,,,,,,,,,,,,,,,,,,,,,,,,,,,,,,,,,
L2,P11802,250,5,245,71502,1402,70100,14578222905775338078,pending,,,,,,,,,,,,,,,,,,,,,,,,,,,,,,,,,,,,,,,,,
L2,P12931,250,5,245,3519,69,3450,5970734100254314894,pending,,,,,,,,,,,,,,,,,,,,,,,,,,,,,,,,,,,,,,,,,
L2,P13569,250,5,245,2448,48,2400,11345608524230007672,pending,,,,,,,,,,,,,,,,,,,,,,,,,,,,,,,,,,,,,,,,,
L2,P13866,250,5,245,561,11,550,6965082931832173035,pending,,,,,,,,,,,,,,,,,,,,,,,,,,,,,,,,,,,,,,,,,
L2,P13995,250,5,245,561,11,550,15432380043949297206,pending,,,,,,,,,,,,,,,,,,,,,,,,,,,,,,,,,,,,,,,,,
L2,P14207,250,5,245,1122,22,1100,2218548389415705395,pending,,,,,,,,,,,,,,,,,,,,,,,,,,,,,,,,,,,,,,,,,
L2,P14555,250,5,245,765,15,750,10016808017484135192,pending,,,,,,,,,,,,,,,,,,,,,,,,,,,,,,,,,,,,,,,,,
L2,P14618,250,5,245,2040,40,2000,6037852214184820352,pending,,,,,,,,,,,,,,,,,,,,,,,,,,,,,,,,,,,,,,,,,
L2,P14756,250,5,245,3621,71,3550,8825918136918513196,pending,,,,,,,,,,,,,,,,,,,,,,,,,,,,,,,,,,,,,,,,,
L2,P14780,250,5,245,1632,32,1600,10552073658083376937,pending,,,,,,,,,,,,,,,,,,,,,,,,,,,,,,,,,,,,,,,,,
L2,P14867,250,5,245,6324,124,6200,16195002193052011425,pending,,,,,,,,,,,,,,,,,,,,,,,,,,,,,,,,,,,,,,,,,
L2,P14902,250,5,245,1785,35,1750,9124226890738147467,pending,,,,,,,,,,,,,,,,,,,,,,,,,,,,,,,,,,,,,,,,,
L2,P15056,250,5,245,39219,769,38450,12646606530425830683,pending,,,,,,,,,,,,,,,,,,,,,,,,,,,,,,,,,,,,,,,,,
L2,P15428,250,5,245,18411,361,18050,13661333023823088641,pending,,,,,,,,,,,,,,,,,,,,,,,,,,,,,,,,,,,,,,,,,
L2,P15559,250,5,245,4284,84,4200,3971913238036981383,pending,,,,,,,,,,,,,,,,,,,,,,,,,,,,,,,,,,,,,,,,,
L2,P16050,250,5,245,918,18,900,9671196887506474137,unavailable,FileNotFoundError: Pocket absent from dataset and source archive,,,,,,,,,,,,,,,,,,,,,,,,,,,,,,,,,,,,,,,,
L2,P16234,250,5,245,20196,396,19800,5256083017744924606,pending,,,,,,,,,,,,,,,,,,,,,,,,,,,,,,,,,,,,,,,,,
L2,P16591,250,5,245,714,14,700,17434196470877389815,unavailable,FileNotFoundError: Pocket absent from dataset and source archive,,,,,,,,,,,,,,,,,,,,,,,,,,,,,,,,,,,,,,,,
L2,P17252,250,5,245,1530,30,1500,8104819726198013430,pending,,,,,,,,,,,,,,,,,,,,,,,,,,,,,,,,,,,,,,,,,
L2,P17516,250,5,245,969,19,950,17004707745485575747,pending,,,,,,,,,,,,,,,,,,,,,,,,,,,,,,,,,,,,,,,,,
L2,P17612,250,5,245,765,15,750,6234835863646406217,pending,,,,,,,,,,,,,,,,,,,,,,,,,,,,,,,,,,,,,,,,,
L2,P17706,250,5,245,4590,90,4500,3161291600208519284,pending,,,,,,,,,,,,,,,,,,,,,,,,,,,,,,,,,,,,,,,,,
L2,P17812,250,5,245,13872,272,13600,16553032286393254470,pending,,,,,,,,,,,,,,,,,,,,,,,,,,,,,,,,,,,,,,,,,
L2,P17931,250,5,245,45849,899,44950,2296935252863578244,pending,,,,,,,,,,,,,,,,,,,,,,,,,,,,,,,,,,,,,,,,,
L2,P18031,250,5,245,13158,258,12900,13031369799772897442,pending,,,,,,,,,,,,,,,,,,,,,,,,,,,,,,,,,,,,,,,,,
L2,P18054,250,5,245,1785,35,1750,264466224878758627,pending,,,,,,,,,,,,,,,,,,,,,,,,,,,,,,,,,,,,,,,,,
L2,P18825,250,5,245,6375,125,6250,17107750381622897996,pending,,,,,,,,,,,,,,,,,,,,,,,,,,,,,,,,,,,,,,,,,
L2,P19099,250,5,245,765,15,750,8892334716728002015,pending,,,,,,,,,,,,,,,,,,,,,,,,,,,,,,,,,,,,,,,,,
L2,P20309,250,5,245,1275,25,1250,14277209186530066382,pending,,,,,,,,,,,,,,,,,,,,,,,,,,,,,,,,,,,,,,,,,
L2,P20618,250,5,245,3723,73,3650,10040917620243251481,pending,,,,,,,,,,,,,,,,,,,,,,,,,,,,,,,,,,,,,,,,,
L2,P20831,250,5,245,1581,31,1550,5994822360534056325,pending,,,,,,,,,,,,,,,,,,,,,,,,,,,,,,,,,,,,,,,,,
L2,P21397,250,5,245,1836,36,1800,16019097935711694625,pending,,,,,,,,,,,,,,,,,,,,,,,,,,,,,,,,,,,,,,,,,
L2,P21554,250,5,245,2703,53,2650,12165650089340552897,pending,,,,,,,,,,,,,,,,,,,,,,,,,,,,,,,,,,,,,,,,,
L2,P21589,250,5,245,8721,171,8550,2027529300384867013,pending,,,,,,,,,,,,,,,,,,,,,,,,,,,,,,,,,,,,,,,,,
L2,P21728,250,5,245,1020,20,1000,6180397163963853354,pending,,,,,,,,,,,,,,,,,,,,,,,,,,,,,,,,,,,,,,,,,
L2,P21802,250,5,245,24684,484,24200,2159468752593362699,pending,,,,,,,,,,,,,,,,,,,,,,,,,,,,,,,,,,,,,,,,,
L2,P22303,250,5,245,10251,201,10050,6146716785556452812,pending,,,,,,,,,,,,,,,,,,,,,,,,,,,,,,,,,,,,,,,,,
L2,P22413,250,5,245,26724,524,26200,8012088567462759857,pending,,,,,,,,,,,,,,,,,,,,,,,,,,,,,,,,,,,,,,,,,
L2,P22455,250,5,245,5916,116,5800,330189500882071315,pending,,,,,,,,,,,,,,,,,,,,,,,,,,,,,,,,,,,,,,,,,
L2,P22518,250,5,245,561,11,550,12769351989754933755,unavailable,FileNotFoundError: Pocket absent from dataset and source archive,,,,,,,,,,,,,,,,,,,,,,,,,,,,,,,,,,,,,,,,
L2,P22607,250,5,245,19584,384,19200,15535239460679300602,pending,,,,,,,,,,,,,,,,,,,,,,,,,,,,,,,,,,,,,,,,,
L2,P22748,250,5,245,867,17,850,6092849524623342632,pending,,,,,,,,,,,,,,,,,,,,,,,,,,,,,,,,,,,,,,,,,
L2,P22894,250,5,245,765,15,750,293832569477840859,pending,,,,,,,,,,,,,,,,,,,,,,,,,,,,,,,,,,,,,,,,,
L2,P23458,250,5,245,31722,622,31100,15046327477757923428,pending,,,,,,,,,,,,,,,,,,,,,,,,,,,,,,,,,,,,,,,,,
L2,P23467,250,5,245,3927,77,3850,6112557606066176441,pending,,,,,,,,,,,,,,,,,,,,,,,,,,,,,,,,,,,,,,,,,
L2,P23921,250,5,245,510,10,500,5539292918051868210,pending,,,,,,,,,,,,,,,,,,,,,,,,,,,,,,,,,,,,,,,,,
L2,P23946,250,5,245,3621,71,3550,4313460274710245720,pending,,,,,,,,,,,,,,,,,,,,,,,,,,,,,,,,,,,,,,,,,
L2,P23975,250,5,245,918,18,900,11145873419108804445,pending,,,,,,,,,,,,,,,,,,,,,,,,,,,,,,,,,,,,,,,,,
L2,P23977,250,5,245,1020,20,1000,15952140706844317695,unavailable,FileNotFoundError: Pocket absent from dataset and source archive,,,,,,,,,,,,,,,,,,,,,,,,,,,,,,,,,,,,,,,,
L2,P24941,250,5,245,83079,1629,81450,2030765929133134971,pending,,,,,,,,,,,,,,,,,,,,,,,,,,,,,,,,,,,,,,,,,
L2,P25440,250,5,245,1632,32,1600,8457182135706640119,pending,,,,,,,,,,,,,,,,,,,,,,,,,,,,,,,,,,,,,,,,,
L2,P25774,250,5,245,1683,33,1650,8342023350117446188,pending,,,,,,,,,,,,,,,,,,,,,,,,,,,,,,,,,,,,,,,,,
L2,P27338,250,5,245,6324,124,6200,13392271124176794555,pending,,,,,,,,,,,,,,,,,,,,,,,,,,,,,,,,,,,,,,,,,
L2,P27487,250,5,245,5916,116,5800,14150701859026146950,pending,,,,,,,,,,,,,,,,,,,,,,,,,,,,,,,,,,,,,,,,,
L2,P28062,250,5,245,1224,24,1200,13168155702484903792,pending,,,,,,,,,,,,,,,,,,,,,,,,,,,,,,,,,,,,,,,,,
L2,P28065,250,5,245,1377,27,1350,6250252103117278802,pending,,,,,,,,,,,,,,,,,,,,,,,,,,,,,,,,,,,,,,,,,
L2,P28074,250,5,245,16575,325,16250,13252941424988805418,pending,,,,,,,,,,,,,,,,,,,,,,,,,,,,,,,,,,,,,,,,,
L2,P28335,250,5,245,15096,296,14800,18131050813457449842,pending,,,,,,,,,,,,,,,,,,,,,,,,,,,,,,,,,,,,,,,,,
L2,P28482,250,5,245,33915,665,33250,4237391999017615472,pending,,,,,,,,,,,,,,,,,,,,,,,,,,,,,,,,,,,,,,,,,
L2,P28647,250,5,245,561,11,550,6671121238712806443,unavailable,FileNotFoundError: Pocket absent from dataset and source archive,,,,,,,,,,,,,,,,,,,,,,,,,,,,,,,,,,,,,,,,
L2,P28845,250,5,245,765,15,750,547723798859546841,pending,,,,,,,,,,,,,,,,,,,,,,,,,,,,,,,,,,,,,,,,,
L2,P28907,250,5,245,8466,166,8300,866130017573954196,pending,,,,,,,,,,,,,,,,,,,,,,,,,,,,,,,,,,,,,,,,,
L2,P29274,250,5,245,39627,777,38850,2515865181154225711,pending,,,,,,,,,,,,,,,,,,,,,,,,,,,,,,,,,,,,,,,,,
L2,P29275,250,5,245,18258,358,17900,14079535668109849909,pending,,,,,,,,,,,,,,,,,,,,,,,,,,,,,,,,,,,,,,,,,
L2,P29375,250,5,245,2397,47,2350,16641761642946175863,pending,,,,,,,,,,,,,,,,,,,,,,,,,,,,,,,,,,,,,,,,,
L2,P29466,250,5,245,1071,21,1050,2924243406712930583,pending,,,,,,,,,,,,,,,,,,,,,,,,,,,,,,,,,,,,,,,,,
L2,P29597,250,5,245,69972,1372,68600,17082731812731865155,pending,,,,,,,,,,,,,,,,,,,,,,,,,,,,,,,,,,,,,,,,,
L2,P30291,250,5,245,6069,119,5950,3675247105889692685,pending,,,,,,,,,,,,,,,,,,,,,,,,,,,,,,,,,,,,,,,,,
L2,P30530,250,5,245,47328,928,46400,3706967541651758151,pending,,,,,,,,,,,,,,,,,,,,,,,,,,,,,,,,,,,,,,,,,
L2,P30542,250,5,245,5814,114,5700,4626692568561543422,pending,,,,,,,,,,,,,,,,,,,,,,,,,,,,,,,,,,,,,,,,,
L2,P30559,250,5,245,561,11,550,14766886391324707449,pending,,,,,,,,,,,,,,,,,,,,,,,,,,,,,,,,,,,,,,,,,
L2,P31153,250,5,245,27642,542,27100,22671981761500091,pending,,,,,,,,,,,,,,,,,,,,,,,,,,,,,,,,,,,,,,,,,
L2,P31391,250,5,245,5100,100,5000,7619859373569443063,pending,,,,,,,,,,,,,,,,,,,,,,,,,,,,,,,,,,,,,,,,,
L2,P31639,250,5,245,612,12,600,15003916330961913836,pending,,,,,,,,,,,,,,,,,,,,,,,,,,,,,,,,,,,,,,,,,
L2,P31644,250,5,245,18309,359,17950,1113969134307900496,pending,,,,,,,,,,,,,,,,,,,,,,,,,,,,,,,,,,,,,,,,,
L2,P31645,250,5,245,5559,109,5450,15348703573411250842,pending,,,,,,,,,,,,,,,,,,,,,,,,,,,,,,,,,,,,,,,,,
L2,P31652,250,5,245,2499,49,2450,2733895657387003607,unavailable,FileNotFoundError: Pocket absent from dataset and source archive,,,,,,,,,,,,,,,,,,,,,,,,,,,,,,,,,,,,,,,,
L2,P31749,250,5,245,10863,213,10650,9741060314579381336,pending,,,,,,,,,,,,,,,,,,,,,,,,,,,,,,,,,,,,,,,,,
L2,P31751,250,5,245,6018,118,5900,8970142574036333432,pending,,,,,,,,,,,,,,,,,,,,,,,,,,,,,,,,,,,,,,,,,
L2,P32245,250,5,245,10608,208,10400,13004613163058407952,pending,,,,,,,,,,,,,,,,,,,,,,,,,,,,,,,,,,,,,,,,,
L2,P32297,250,5,245,612,12,600,8624627735120166331,pending,,,,,,,,,,,,,,,,,,,,,,,,,,,,,,,,,,,,,,,,,
L2,P33533,250,5,245,1377,27,1350,12299619991694197548,unavailable,FileNotFoundError: Pocket absent from dataset and source archive,,,,,,,,,,,,,,,,,,,,,,,,,,,,,,,,,,,,,,,,
L2,P33535,250,5,245,2142,42,2100,14387224068555084120,unavailable,FileNotFoundError: Pocket absent from dataset and source archive,,,,,,,,,,,,,,,,,,,,,,,,,,,,,,,,,,,,,,,,
L2,P33981,250,5,245,2499,49,2450,11341502557354450736,pending,,,,,,,,,,,,,,,,,,,,,,,,,,,,,,,,,,,,,,,,,
L2,P34903,250,5,245,3315,65,3250,9503059459739143827,unavailable,FileNotFoundError: Pocket absent from dataset and source archive,,,,,,,,,,,,,,,,,,,,,,,,,,,,,,,,,,,,,,,,
L2,P34913,250,5,245,3162,62,3100,12264287471864021747,pending,,,,,,,,,,,,,,,,,,,,,,,,,,,,,,,,,,,,,,,,,
L2,P34914,250,5,245,10098,198,9900,14112790819277614123,pending,,,,,,,,,,,,,,,,,,,,,,,,,,,,,,,,,,,,,,,,,
L2,P34947,250,5,245,2244,44,2200,11673682980846292275,pending,,,,,,,,,,,,,,,,,,,,,,,,,,,,,,,,,,,,,,,,,
L2,P34972,250,5,245,3213,63,3150,4839872738032690264,pending,,,,,,,,,,,,,,,,,,,,,,,,,,,,,,,,,,,,,,,,,
L2,P35218,250,5,245,867,17,850,17811282997754711995,unavailable,FileNotFoundError: Pocket absent from dataset and source archive,,,,,,,,,,,,,,,,,,,,,,,,,,,,,,,,,,,,,,,,
L2,P35354,250,5,245,5049,99,4950,1770157441280708730,pending,,,,,,,,,,,,,,,,,,,,,,,,,,,,,,,,,,,,,,,,,
L2,P35367,250,5,245,1734,34,1700,8971473367048753703,pending,,,,,,,,,,,,,,,,,,,,,,,,,,,,,,,,,,,,,,,,,
L2,P35372,250,5,245,10047,197,9850,10061620227878594001,pending,,,,,,,,,,,,,,,,,,,,,,,,,,,,,,,,,,,,,,,,,
L2,P35408,250,5,245,2448,48,2400,14379700316803129034,pending,,,,,,,,,,,,,,,,,,,,,,,,,,,,,,,,,,,,,,,,,
L2,P35916,250,5,245,3621,71,3550,11140667564306843161,unavailable,FileNotFoundError: Pocket absent from dataset and source archive,,,,,,,,,,,,,,,,,,,,,,,,,,,,,,,,,,,,,,,,
L2,P35968,250,5,245,47277,927,46350,1858298940353224914,pending,,,,,,,,,,,,,,,,,,,,,,,,,,,,,,,,,,,,,,,,,
L2,P36544,250,5,245,1071,21,1050,12951766324361328702,pending,,,,,,,,,,,,,,,,,,,,,,,,,,,,,,,,,,,,,,,,,
L2,P36776,250,5,245,4488,88,4400,18195028446558865454,pending,,,,,,,,,,,,,,,,,,,,,,,,,,,,,,,,,,,,,,,,,
L2,P36888,250,5,245,25806,506,25300,14047146178822475714,pending,,,,,,,,,,,,,,,,,,,,,,,,,,,,,,,,,,,,,,,,,
L2,P36897,250,5,245,14127,277,13850,9447226883343475557,pending,,,,,,,,,,,,,,,,,,,,,,,,,,,,,,,,,,,,,,,,,
L2,P37023,250,5,245,816,16,800,2254166540724834276,pending,,,,,,,,,,,,,,,,,,,,,,,,,,,,,,,,,,,,,,,,,
L2,P39900,250,5,245,4233,83,4150,280697111029556589,pending,,,,,,,,,,,,,,,,,,,,,,,,,,,,,,,,,,,,,,,,,
L2,P40261,250,5,245,663,13,650,15202253486334365006,pending,,,,,,,,,,,,,,,,,,,,,,,,,,,,,,,,,,,,,,,,,
L2,P40337,250,5,245,1122,22,1100,9981431363519775366,pending,,,,,,,,,,,,,,,,,,,,,,,,,,,,,,,,,,,,,,,,,
L2,P40763,250,5,245,2550,50,2500,14520447719001648155,pending,,,,,,,,,,,,,,,,,,,,,,,,,,,,,,,,,,,,,,,,,
L2,P41143,250,5,245,4692,92,4600,16922421594253645997,pending,,,,,,,,,,,,,,,,,,,,,,,,,,,,,,,,,,,,,,,,,
L2,P41144,250,5,245,765,15,750,13409308526406592218,unavailable,FileNotFoundError: Pocket absent from dataset and source archive,,,,,,,,,,,,,,,,,,,,,,,,,,,,,,,,,,,,,,,,
L2,P41145,250,5,245,26826,526,26300,1460055777053687807,pending,,,,,,,,,,,,,,,,,,,,,,,,,,,,,,,,,,,,,,,,,
L2,P41146,250,5,245,2754,54,2700,11855510949854117517,pending,,,,,,,,,,,,,,,,,,,,,,,,,,,,,,,,,,,,,,,,,
L2,P41182,250,5,245,20706,406,20300,8281216109630295815,pending,,,,,,,,,,,,,,,,,,,,,,,,,,,,,,,,,,,,,,,,,
L2,P41240,250,5,245,8874,174,8700,15025249453218066687,pending,,,,,,,,,,,,,,,,,,,,,,,,,,,,,,,,,,,,,,,,,
L2,P41594,250,5,245,1326,26,1300,8461871899758847194,pending,,,,,,,,,,,,,,,,,,,,,,,,,,,,,,,,,,,,,,,,,
L2,P41595,250,5,245,2499,49,2450,2444327930969041242,pending,,,,,,,,,,,,,,,,,,,,,,,,,,,,,,,,,,,,,,,,,
L2,P42330,250,5,245,3927,77,3850,14574232869392788587,pending,,,,,,,,,,,,,,,,,,,,,,,,,,,,,,,,,,,,,,,,,
L2,P42336,250,5,245,43554,854,42700,16526101187019469481,pending,,,,,,,,,,,,,,,,,,,,,,,,,,,,,,,,,,,,,,,,,
L2,P42338,250,5,245,6120,120,6000,16974834553329083693,unavailable,FileNotFoundError: Pocket absent from dataset and source archive,,,,,,,,,,,,,,,,,,,,,,,,,,,,,,,,,,,,,,,,
L2,P42345,250,5,245,4080,80,4000,177145128252505733,pending,,,,,,,,,,,,,,,,,,,,,,,,,,,,,,,,,,,,,,,,,
L2,P43116,250,5,245,1632,32,1600,5195103261273669948,pending,,,,,,,,,,,,,,,,,,,,,,,,,,,,,,,,,,,,,,,,,
L2,P43166,250,5,245,1989,39,1950,12030863631203087647,pending,,,,,,,,,,,,,,,,,,,,,,,,,,,,,,,,,,,,,,,,,
L2,P43235,250,5,245,561,11,550,6721335010311847304,pending,,,,,,,,,,,,,,,,,,,,,,,,,,,,,,,,,,,,,,,,,
L2,P43405,250,5,245,5304,104,5200,6051173408357006759,pending,,,,,,,,,,,,,,,,,,,,,,,,,,,,,,,,,,,,,,,,,
L2,P43490,250,5,245,24582,482,24100,6285671643735688622,pending,,,,,,,,,,,,,,,,,,,,,,,,,,,,,,,,,,,,,,,,,
L2,P43681,250,5,245,561,11,550,8579316395116177394,pending,,,,,,,,,,,,,,,,,,,,,,,,,,,,,,,,,,,,,,,,,
L2,P45452,250,5,245,1785,35,1750,13497316173459501329,pending,,,,,,,,,,,,,,,,,,,,,,,,,,,,,,,,,,,,,,,,,
L2,P45983,250,5,245,1428,28,1400,16310602216095080443,pending,,,,,,,,,,,,,,,,,,,,,,,,,,,,,,,,,,,,,,,,,
L2,P45984,250,5,245,2754,54,2700,12920801668132476899,pending,,,,,,,,,,,,,,,,,,,,,,,,,,,,,,,,,,,,,,,,,
L2,P47205,250,5,245,7497,147,7350,950904321173885250,pending,,,,,,,,,,,,,,,,,,,,,,,,,,,,,,,,,,,,,,,,,
L2,P47869,250,5,245,9384,184,9200,13826076266153989267,unavailable,FileNotFoundError: Pocket absent from dataset and source archive,,,,,,,,,,,,,,,,,,,,,,,,,,,,,,,,,,,,,,,,
L2,P47989,250,5,245,714,14,700,7446210710647846029,pending,,,,,,,,,,,,,,,,,,,,,,,,,,,,,,,,,,,,,,,,,
L2,P48039,250,5,245,612,12,600,11349498892974620636,pending,,,,,,,,,,,,,,,,,,,,,,,,,,,,,,,,,,,,,,,,,
L2,P48729,250,5,245,6834,134,6700,14882554613299517604,pending,,,,,,,,,,,,,,,,,,,,,,,,,,,,,,,,,,,,,,,,,
L2,P48730,250,5,245,7344,144,7200,106111681128453782,pending,,,,,,,,,,,,,,,,,,,,,,,,,,,,,,,,,,,,,,,,,
L2,P48735,250,5,245,1479,29,1450,7312166402163649039,pending,,,,,,,,,,,,,,,,,,,,,,,,,,,,,,,,,,,,,,,,,
L2,P48736,250,5,245,11373,223,11150,8162964504041600121,pending,,,,,,,,,,,,,,,,,,,,,,,,,,,,,,,,,,,,,,,,,
L2,P49137,250,5,245,663,13,650,5131191303617840071,pending,,,,,,,,,,,,,,,,,,,,,,,,,,,,,,,,,,,,,,,,,
L2,P49286,250,5,245,663,13,650,12008979008947529829,pending,,,,,,,,,,,,,,,,,,,,,,,,,,,,,,,,,,,,,,,,,
L2,P49327,250,5,245,561,11,550,4979688414455946081,pending,,,,,,,,,,,,,,,,,,,,,,,,,,,,,,,,,,,,,,,,,
L2,P49336,250,5,245,1785,35,1750,48700635593224764,pending,,,,,,,,,,,,,,,,,,,,,,,,,,,,,,,,,,,,,,,,,
L2,P49674,250,5,245,663,13,650,13211385606832227927,pending,,,,,,,,,,,,,,,,,,,,,,,,,,,,,,,,,,,,,,,,,
L2,P49759,250,5,245,6834,134,6700,10443795513089400217,pending,,,,,,,,,,,,,,,,,,,,,,,,,,,,,,,,,,,,,,,,,
L2,P49760,250,5,245,13107,257,12850,17876188330546090039,pending,,,,,,,,,,,,,,,,,,,,,,,,,,,,,,,,,,,,,,,,,
L2,P49761,250,5,245,7038,138,6900,13989494112138186621,pending,,,,,,,,,,,,,,,,,,,,,,,,,,,,,,,,,,,,,,,,,
L2,P49840,250,5,245,80580,1580,79000,562140177573289555,pending,,,,,,,,,,,,,,,,,,,,,,,,,,,,,,,,,,,,,,,,,
L2,P49841,250,5,245,71757,1407,70350,17175510516983781376,pending,,,,,,,,,,,,,,,,,,,,,,,,,,,,,,,,,,,,,,,,,
L2,P50053,250,5,245,48144,944,47200,7243468774494059997,pending,,,,,,,,,,,,,,,,,,,,,,,,,,,,,,,,,,,,,,,,,
L2,P50406,250,5,245,2856,56,2800,16291612566584427120,pending,,,,,,,,,,,,,,,,,,,,,,,,,,,,,,,,,,,,,,,,,
L2,P50613,250,5,245,8925,175,8750,16900297160569961445,pending,,,,,,,,,,,,,,,,,,,,,,,,,,,,,,,,,,,,,,,,,
L2,P50750,250,5,245,9792,192,9600,11424716130217857700,pending,,,,,,,,,,,,,,,,,,,,,,,,,,,,,,,,,,,,,,,,,
L2,P51449,250,5,245,2448,48,2400,11577421460981457739,pending,,,,,,,,,,,,,,,,,,,,,,,,,,,,,,,,,,,,,,,,,
L2,P51531,250,5,245,4692,92,4600,9048981913808384987,pending,,,,,,,,,,,,,,,,,,,,,,,,,,,,,,,,,,,,,,,,,
L2,P51532,250,5,245,4182,82,4100,2783754936406297011,pending,,,,,,,,,,,,,,,,,,,,,,,,,,,,,,,,,,,,,,,,,
L2,P51617,250,5,245,2193,43,2150,6186934965144945035,pending,,,,,,,,,,,,,,,,,,,,,,,,,,,,,,,,,,,,,,,,,
L2,P51813,250,5,245,2142,42,2100,1337128737132622209,pending,,,,,,,,,,,,,,,,,,,,,,,,,,,,,,,,,,,,,,,,,
L2,P52333,250,5,245,36975,725,36250,8789124616024672854,pending,,,,,,,,,,,,,,,,,,,,,,,,,,,,,,,,,,,,,,,,,
L2,P52895,250,5,245,612,12,600,6863298678454287852,pending,,,,,,,,,,,,,,,,,,,,,,,,,,,,,,,,,,,,,,,,,
L2,P53350,250,5,245,5457,107,5350,5926459505201142792,pending,,,,,,,,,,,,,,,,,,,,,,,,,,,,,,,,,,,,,,,,,
L2,P53396,250,5,245,3009,59,2950,10893016921484199280,pending,,,,,,,,,,,,,,,,,,,,,,,,,,,,,,,,,,,,,,,,,
L2,P53634,250,5,245,21165,415,20750,13115191250495430843,pending,,,,,,,,,,,,,,,,,,,,,,,,,,,,,,,,,,,,,,,,,
L2,P53667,250,5,245,3162,62,3100,15375060863387469571,pending,,,,,,,,,,,,,,,,,,,,,,,,,,,,,,,,,,,,,,,,,
L2,P53671,250,5,245,3366,66,3300,4782560117814050770,pending,,,,,,,,,,,,,,,,,,,,,,,,,,,,,,,,,,,,,,,,,
L2,P53779,250,5,245,3315,65,3250,11821310535213642480,pending,,,,,,,,,,,,,,,,,,,,,,,,,,,,,,,,,,,,,,,,,
L2,P54646,250,5,245,714,14,700,2132946230180196429,pending,,,,,,,,,,,,,,,,,,,,,,,,,,,,,,,,,,,,,,,,,
L2,P55055,250,5,245,612,12,600,491764220131053142,pending,,,,,,,,,,,,,,,,,,,,,,,,,,,,,,,,,,,,,,,,,
L2,P56373,250,5,245,1377,27,1350,6215162804272885582,pending,,,,,,,,,,,,,,,,,,,,,,,,,,,,,,,,,,,,,,,,,
L2,P56524,250,5,245,867,17,850,9432188509062104657,pending,,,,,,,,,,,,,,,,,,,,,,,,,,,,,,,,,,,,,,,,,
L2,P56817,250,5,245,17952,352,17600,15722719694249268923,pending,,,,,,,,,,,,,,,,,,,,,,,,,,,,,,,,,,,,,,,,,
L2,P61073,250,5,245,2652,52,2600,164054297541768995,pending,,,,,,,,,,,,,,,,,,,,,,,,,,,,,,,,,,,,,,,,,
L2,P61964,250,5,245,2601,51,2550,15451007001856106310,pending,,,,,,,,,,,,,,,,,,,,,,,,,,,,,,,,,,,,,,,,,
L2,P62813,250,5,245,4386,86,4300,11111871172506177353,unavailable,FileNotFoundError: Pocket absent from dataset and source archive,,,,,,,,,,,,,,,,,,,,,,,,,,,,,,,,,,,,,,,,
L2,P62937,250,5,245,5151,101,5050,13167805312893813105,pending,,,,,,,,,,,,,,,,,,,,,,,,,,,,,,,,,,,,,,,,,
L2,P68400,250,5,245,11271,221,11050,18212783359465992263,pending,,,,,,,,,,,,,,,,,,,,,,,,,,,,,,,,,,,,,,,,,
L2,P69996,250,5,245,561,11,550,15690607129314005087,pending,,,,,,,,,,,,,,,,,,,,,,,,,,,,,,,,,,,,,,,,,
L2,P78527,250,5,245,32232,632,31600,3430129190349008118,pending,,,,,,,,,,,,,,,,,,,,,,,,,,,,,,,,,,,,,,,,,
L2,P79208,250,5,245,1326,26,1300,1839303519425938272,unavailable,FileNotFoundError: Pocket absent from dataset and source archive,,,,,,,,,,,,,,,,,,,,,,,,,,,,,,,,,,,,,,,,
L2,P80192,250,5,245,2958,58,2900,16051549718163635501,pending,,,,,,,,,,,,,,,,,,,,,,,,,,,,,,,,,,,,,,,,,
L2,P80457,250,5,245,1581,31,1550,12757842799106535916,pending,,,,,,,,,,,,,,,,,,,,,,,,,,,,,,,,,,,,,,,,,
L2,P81908,250,5,245,7038,138,6900,6815999887486477338,unavailable,FileNotFoundError: Pocket absent from dataset and source archive,,,,,,,,,,,,,,,,,,,,,,,,,,,,,,,,,,,,,,,,
L2,P97321,250,5,245,2346,46,2300,5974779826207640765,unavailable,FileNotFoundError: Pocket absent from dataset and source archive,,,,,,,,,,,,,,,,,,,,,,,,,,,,,,,,,,,,,,,,
L2,P97612,250,5,245,612,12,600,5560083295237139465,pending,,,,,,,,,,,,,,,,,,,,,,,,,,,,,,,,,,,,,,,,,
L2,P98170,250,5,245,10710,210,10500,2228662053930977174,pending,,,,,,,,,,,,,,,,,,,,,,,,,,,,,,,,,,,,,,,,,
L2,P9WGR1,250,5,245,612,12,600,17315266344715868469,pending,,,,,,,,,,,,,,,,,,,,,,,,,,,,,,,,,,,,,,,,,
L2,Q00534,250,5,245,55641,1091,54550,4044635185450880713,pending,,,,,,,,,,,,,,,,,,,,,,,,,,,,,,,,,,,,,,,,,
L2,Q00535,250,5,245,2040,40,2000,15534228536251758812,pending,,,,,,,,,,,,,,,,,,,,,,,,,,,,,,,,,,,,,,,,,
L2,Q00536,250,5,245,1734,34,1700,17761813073803143950,pending,,,,,,,,,,,,,,,,,,,,,,,,,,,,,,,,,,,,,,,,,
L2,Q00960,250,5,245,3519,69,3450,4668717686024673491,pending,,,,,,,,,,,,,,,,,,,,,,,,,,,,,,,,,,,,,,,,,
L2,Q00987,250,5,245,3315,65,3250,9441832071642215398,pending,,,,,,,,,,,,,,,,,,,,,,,,,,,,,,,,,,,,,,,,,
L2,Q01064,250,5,245,35394,694,34700,7197999872685548621,pending,,,,,,,,,,,,,,,,,,,,,,,,,,,,,,,,,,,,,,,,,
L2,Q01959,250,5,245,1275,25,1250,9399320787859233804,pending,,,,,,,,,,,,,,,,,,,,,,,,,,,,,,,,,,,,,,,,,
L2,Q02127,250,5,245,5508,108,5400,4393959589438758696,pending,,,,,,,,,,,,,,,,,,,,,,,,,,,,,,,,,,,,,,,,,
L2,Q02750,250,5,245,663,13,650,6993669430632418292,pending,,,,,,,,,,,,,,,,,,,,,,,,,,,,,,,,,,,,,,,,,
L2,Q02769,250,5,245,2397,47,2350,5638788679682682885,unavailable,FileNotFoundError: Pocket absent from dataset and source archive,,,,,,,,,,,,,,,,,,,,,,,,,,,,,,,,,,,,,,,,
L2,Q03111,250,5,245,5100,100,5000,9707449379455019005,pending,,,,,,,,,,,,,,,,,,,,,,,,,,,,,,,,,,,,,,,,,
L2,Q04609,250,5,245,5151,101,5050,5935724070012226135,pending,,,,,,,,,,,,,,,,,,,,,,,,,,,,,,,,,,,,,,,,,
L2,Q04759,250,5,245,1887,37,1850,11940327566837817440,pending,,,,,,,,,,,,,,,,,,,,,,,,,,,,,,,,,,,,,,,,,
L2,Q04771,250,5,245,2040,40,2000,3029003104335337666,pending,,,,,,,,,,,,,,,,,,,,,,,,,,,,,,,,,,,,,,,,,
L2,Q04828,250,5,245,918,18,900,6834071210761439301,pending,,,,,,,,,,,,,,,,,,,,,,,,,,,,,,,,,,,,,,,,,
L2,Q05397,250,5,245,18819,369,18450,17991346813072143325,pending,,,,,,,,,,,,,,,,,,,,,,,,,,,,,,,,,,,,,,,,,
L2,Q05941,250,5,245,714,14,700,4459479202219454790,unavailable,FileNotFoundError: Pocket absent from dataset and source archive,,,,,,,,,,,,,,,,,,,,,,,,,,,,,,,,,,,,,,,,
L2,Q06124,250,5,245,24837,487,24350,7328564686758594613,pending,,,,,,,,,,,,,,,,,,,,,,,,,,,,,,,,,,,,,,,,,
L2,Q06187,250,5,245,49827,977,48850,8053537021507231991,pending,,,,,,,,,,,,,,,,,,,,,,,,,,,,,,,,,,,,,,,,,
L2,Q06418,250,5,245,41412,812,40600,18004468241013591852,unavailable,FileNotFoundError: Pocket absent from dataset and source archive,,,,,,,,,,,,,,,,,,,,,,,,,,,,,,,,,,,,,,,,
L2,Q07343,250,5,245,9588,188,9400,4971629903263079932,pending,,,,,,,,,,,,,,,,,,,,,,,,,,,,,,,,,,,,,,,,,
L2,Q07817,250,5,245,19227,377,18850,15238846549221028124,pending,,,,,,,,,,,,,,,,,,,,,,,,,,,,,,,,,,,,,,,,,
L2,Q07820,250,5,245,5457,107,5350,8631563934143268546,pending,,,,,,,,,,,,,,,,,,,,,,,,,,,,,,,,,,,,,,,,,
L2,Q07889,250,5,245,30141,591,29550,14577972420201371978,pending,,,,,,,,,,,,,,,,,,,,,,,,,,,,,,,,,,,,,,,,,
L2,Q08210,250,5,245,3366,66,3300,3491542703345111420,pending,,,,,,,,,,,,,,,,,,,,,,,,,,,,,,,,,,,,,,,,,
L2,Q08345,250,5,245,17238,338,16900,6416518791138974637,pending,,,,,,,,,,,,,,,,,,,,,,,,,,,,,,,,,,,,,,,,,
L2,Q08499,250,5,245,10914,214,10700,13099637582922731891,pending,,,,,,,,,,,,,,,,,,,,,,,,,,,,,,,,,,,,,,,,,
L2,Q09472,250,5,245,5712,112,5600,16166157986439860734,pending,,,,,,,,,,,,,,,,,,,,,,,,,,,,,,,,,,,,,,,,,
L2,Q12851,250,5,245,1071,21,1050,15193288449323554698,unavailable,FileNotFoundError: Pocket absent from dataset and source archive,,,,,,,,,,,,,,,,,,,,,,,,,,,,,,,,,,,,,,,,
L2,Q12866,250,5,245,44625,875,43750,18315733961323295420,pending,,,,,,,,,,,,,,,,,,,,,,,,,,,,,,,,,,,,,,,,,
L2,Q12879,250,5,245,612,12,600,16570894604080435736,pending,,,,,,,,,,,,,,,,,,,,,,,,,,,,,,,,,,,,,,,,,
L2,Q12884,250,5,245,6222,122,6100,9609107474752481722,pending,,,,,,,,,,,,,,,,,,,,,,,,,,,,,,,,,,,,,,,,,
L2,Q12931,250,5,245,561,11,550,14307874353273917339,pending,,,,,,,,,,,,,,,,,,,,,,,,,,,,,,,,,,,,,,,,,
L2,Q13043,250,5,245,765,15,750,17767568156995277593,pending,,,,,,,,,,,,,,,,,,,,,,,,,,,,,,,,,,,,,,,,,
L2,Q13085,250,5,245,1173,23,1150,8575546589553086323,pending,,,,,,,,,,,,,,,,,,,,,,,,,,,,,,,,,,,,,,,,,
L2,Q13133,250,5,245,561,11,550,10451091832295798204,pending,,,,,,,,,,,,,,,,,,,,,,,,,,,,,,,,,,,,,,,,,
L2,Q13153,250,5,245,816,16,800,343480162758855257,pending,,,,,,,,,,,,,,,,,,,,,,,,,,,,,,,,,,,,,,,,,
L2,Q13164,250,5,245,765,15,750,17108638344006826766,pending,,,,,,,,,,,,,,,,,,,,,,,,,,,,,,,,,,,,,,,,,
L2,Q13224,250,5,245,2142,42,2100,6295157523018543498,pending,,,,,,,,,,,,,,,,,,,,,,,,,,,,,,,,,,,,,,,,,
L2,Q13315,250,5,245,11016,216,10800,4009399375721844445,pending,,,,,,,,,,,,,,,,,,,,,,,,,,,,,,,,,,,,,,,,,
L2,Q13451,250,5,245,1428,28,1400,16821487043696467166,pending,,,,,,,,,,,,,,,,,,,,,,,,,,,,,,,,,,,,,,,,,
L2,Q13464,250,5,245,9333,183,9150,2772235111111411952,pending,,,,,,,,,,,,,,,,,,,,,,,,,,,,,,,,,,,,,,,,,
L2,Q13489,250,5,245,10761,211,10550,4173086409659511366,unavailable,FileNotFoundError: Pocket absent from dataset and source archive,,,,,,,,,,,,,,,,,,,,,,,,,,,,,,,,,,,,,,,,
L2,Q13490,250,5,245,10761,211,10550,1563347399184252309,pending,,,,,,,,,,,,,,,,,,,,,,,,,,,,,,,,,,,,,,,,,
L2,Q13526,250,5,245,714,14,700,17992919136956128330,pending,,,,,,,,,,,,,,,,,,,,,,,,,,,,,,,,,,,,,,,,,
L2,Q13546,250,5,245,29988,588,29400,4808859511256050394,pending,,,,,,,,,,,,,,,,,,,,,,,,,,,,,,,,,,,,,,,,,
L2,Q13547,250,5,245,53244,1044,52200,12770159831092313569,pending,,,,,,,,,,,,,,,,,,,,,,,,,,,,,,,,,,,,,,,,,
L2,Q13627,250,5,245,23562,462,23100,16582660284102426340,pending,,,,,,,,,,,,,,,,,,,,,,,,,,,,,,,,,,,,,,,,,
L2,Q13822,250,5,245,10047,197,9850,14767286457722542186,pending,,,,,,,,,,,,,,,,,,,,,,,,,,,,,,,,,,,,,,,,,
L2,Q13946,250,5,245,4743,93,4650,7905881183125335179,pending,,,,,,,,,,,,,,,,,,,,,,,,,,,,,,,,,,,,,,,,,
L2,Q14004,250,5,245,2142,42,2100,14788046081784027373,pending,,,,,,,,,,,,,,,,,,,,,,,,,,,,,,,,,,,,,,,,,
L2,Q14145,250,5,245,6324,124,6200,14339530581362947968,pending,,,,,,,,,,,,,,,,,,,,,,,,,,,,,,,,,,,,,,,,,
L2,Q14432,250,5,245,2397,47,2350,13509496640692769418,pending,,,,,,,,,,,,,,,,,,,,,,,,,,,,,,,,,,,,,,,,,
L2,Q14524,250,5,245,1836,36,1800,12341733730948046318,pending,,,,,,,,,,,,,,,,,,,,,,,,,,,,,,,,,,,,,,,,,
L2,Q14833,250,5,245,8721,171,8550,12371829265161136511,pending,,,,,,,,,,,,,,,,,,,,,,,,,,,,,,,,,,,,,,,,,
L2,Q14994,250,5,245,1122,22,1100,17468546991933201528,pending,,,,,,,,,,,,,,,,,,,,,,,,,,,,,,,,,,,,,,,,,
L2,Q15059,250,5,245,1887,37,1850,6270443628623061828,pending,,,,,,,,,,,,,,,,,,,,,,,,,,,,,,,,,,,,,,,,,
L2,Q15118,250,5,245,867,17,850,4716720984604740608,pending,,,,,,,,,,,,,,,,,,,,,,,,,,,,,,,,,,,,,,,,,
L2,Q15119,250,5,245,5712,112,5600,10583448929319513683,pending,,,,,,,,,,,,,,,,,,,,,,,,,,,,,,,,,,,,,,,,,
L2,Q15125,250,5,245,9027,177,8850,9205307037292387568,pending,,,,,,,,,,,,,,,,,,,,,,,,,,,,,,,,,,,,,,,,,
L2,Q15561,250,5,245,19686,386,19300,17229526539343978349,pending,,,,,,,,,,,,,,,,,,,,,,,,,,,,,,,,,,,,,,,,,
L2,Q15858,250,5,245,33660,660,33000,4705293177555240956,pending,,,,,,,,,,,,,,,,,,,,,,,,,,,,,,,,,,,,,,,,,
L2,Q15910,250,5,245,37485,735,36750,3429411556848071554,pending,,,,,,,,,,,,,,,,,,,,,,,,,,,,,,,,,,,,,,,,,
L2,Q16288,250,5,245,8466,166,8300,6020692444299983893,pending,,,,,,,,,,,,,,,,,,,,,,,,,,,,,,,,,,,,,,,,,
L2,Q16539,250,5,245,1887,37,1850,1424722636322776257,pending,,,,,,,,,,,,,,,,,,,,,,,,,,,,,,,,,,,,,,,,,
L2,Q16552,250,5,245,13362,262,13100,7801607922989388262,pending,,,,,,,,,,,,,,,,,,,,,,,,,,,,,,,,,,,,,,,,,
L2,Q16584,250,5,245,4743,93,4650,12753487495179607061,unavailable,FileNotFoundError: Pocket absent from dataset and source archive,,,,,,,,,,,,,,,,,,,,,,,,,,,,,,,,,,,,,,,,
L2,Q16602,250,5,245,1224,24,1200,4194133440841428068,pending,,,,,,,,,,,,,,,,,,,,,,,,,,,,,,,,,,,,,,,,,
L2,Q16620,250,5,245,9588,188,9400,8562610809156187455,pending,,,,,,,,,,,,,,,,,,,,,,,,,,,,,,,,,,,,,,,,,
L2,Q16678,250,5,245,1581,31,1550,13539642728420952860,pending,,,,,,,,,,,,,,,,,,,,,,,,,,,,,,,,,,,,,,,,,
L2,Q16740,250,5,245,1632,32,1600,8416788737069595499,pending,,,,,,,,,,,,,,,,,,,,,,,,,,,,,,,,,,,,,,,,,
L2,Q16769,250,5,245,3417,67,3350,17276940933314862523,pending,,,,,,,,,,,,,,,,,,,,,,,,,,,,,,,,,,,,,,,,,
L2,Q16790,250,5,245,12750,250,12500,778538459926829285,pending,,,,,,,,,,,,,,,,,,,,,,,,,,,,,,,,,,,,,,,,,
L2,Q16873,250,5,245,561,11,550,10036969345772264882,pending,,,,,,,,,,,,,,,,,,,,,,,,,,,,,,,,,,,,,,,,,
L2,Q2M2I8,250,5,245,3213,63,3150,6737595926797800718,pending,,,,,,,,,,,,,,,,,,,,,,,,,,,,,,,,,,,,,,,,,
L2,Q32ZE1,250,5,245,7650,150,7500,8971262521267051497,pending,,,,,,,,,,,,,,,,,,,,,,,,,,,,,,,,,,,,,,,,,
L2,Q3TBT3,250,5,245,714,14,700,12414197809437634025,pending,,,,,,,,,,,,,,,,,,,,,,,,,,,,,,,,,,,,,,,,,
L2,Q460N5,250,5,245,1224,24,1200,9195592637596446628,pending,,,,,,,,,,,,,,,,,,,,,,,,,,,,,,,,,,,,,,,,,
L2,Q58F21,250,5,245,1989,39,1950,8795795148083744900,pending,,,,,,,,,,,,,,,,,,,,,,,,,,,,,,,,,,,,,,,,,
L2,Q5BJF2,250,5,245,5610,110,5500,11104773809560731586,unavailable,FileNotFoundError: Pocket absent from dataset and source archive,,,,,,,,,,,,,,,,,,,,,,,,,,,,,,,,,,,,,,,,
L2,Q5S007,250,5,245,38760,760,38000,4488552242595581485,pending,,,,,,,,,,,,,,,,,,,,,,,,,,,,,,,,,,,,,,,,,
L2,Q5U3Y7,250,5,245,2142,42,2100,4322619982661670871,unavailable,FileNotFoundError: Pocket absent from dataset and source archive,,,,,,,,,,,,,,,,,,,,,,,,,,,,,,,,,,,,,,,,
L2,Q60492,250,5,245,2448,48,2400,7853340583786507891,unavailable,FileNotFoundError: Pocket absent from dataset and source archive,,,,,,,,,,,,,,,,,,,,,,,,,,,,,,,,,,,,,,,,
L2,Q63470,250,5,245,663,13,650,17882267193351097745,unavailable,FileNotFoundError: Pocket absent from dataset and source archive,,,,,,,,,,,,,,,,,,,,,,,,,,,,,,,,,,,,,,,,
L2,Q64610,250,5,245,2805,55,2750,4703288156570363110,pending,,,,,,,,,,,,,,,,,,,,,,,,,,,,,,,,,,,,,,,,,
L2,Q6P179,250,5,245,867,17,850,3261272936073506661,pending,,,,,,,,,,,,,,,,,,,,,,,,,,,,,,,,,,,,,,,,,
L2,Q6V1X1,250,5,245,3519,69,3450,16058428011452996040,pending,,,,,,,,,,,,,,,,,,,,,,,,,,,,,,,,,,,,,,,,,
L2,Q6ZQW0,250,5,245,2754,54,2700,14794828645758926383,unavailable,FileNotFoundError: Pocket absent from dataset and source archive,,,,,,,,,,,,,,,,,,,,,,,,,,,,,,,,,,,,,,,,
L2,Q72547,250,5,245,3264,64,3200,2147315838773112392,pending,,,,,,,,,,,,,,,,,,,,,,,,,,,,,,,,,,,,,,,,,
L2,Q86TI2,250,5,245,2856,56,2800,12162621705385550869,pending,,,,,,,,,,,,,,,,,,,,,,,,,,,,,,,,,,,,,,,,,
L2,Q86U44,250,5,245,2958,58,2900,8931646687034206220,pending,,,,,,,,,,,,,,,,,,,,,,,,,,,,,,,,,,,,,,,,,
L2,Q86V86,250,5,245,1887,37,1850,12736555875927666429,unavailable,FileNotFoundError: Pocket absent from dataset and source archive,,,,,,,,,,,,,,,,,,,,,,,,,,,,,,,,,,,,,,,,
L2,Q86W56,250,5,245,17391,341,17050,11877576318397291693,pending,,,,,,,,,,,,,,,,,,,,,,,,,,,,,,,,,,,,,,,,,
L2,Q86WV6,250,5,245,8670,170,8500,6550465030698254141,pending,,,,,,,,,,,,,,,,,,,,,,,,,,,,,,,,,,,,,,,,,
L2,Q86X55,250,5,245,2397,47,2350,141900223201614806,pending,,,,,,,,,,,,,,,,,,,,,,,,,,,,,,,,,,,,,,,,,
L2,Q8IVH8,250,5,245,16932,332,16600,6037433973909709373,pending,,,,,,,,,,,,,,,,,,,,,,,,,,,,,,,,,,,,,,,,,
L2,Q8IXJ6,250,5,245,867,17,850,13946486850162297985,pending,,,,,,,,,,,,,,,,,,,,,,,,,,,,,,,,,,,,,,,,,
L2,Q8IYT8,250,5,245,561,11,550,1553031140898156468,pending,,,,,,,,,,,,,,,,,,,,,,,,,,,,,,,,,,,,,,,,,
L2,Q8N884,250,5,245,15708,308,15400,14014194366754824539,pending,,,,,,,,,,,,,,,,,,,,,,,,,,,,,,,,,,,,,,,,,
L2,Q8NEB9,250,5,245,2907,57,2850,8341071323543036033,pending,,,,,,,,,,,,,,,,,,,,,,,,,,,,,,,,,,,,,,,,,
L2,Q8NER1,250,5,245,2244,44,2200,1829459804638871215,pending,,,,,,,,,,,,,,,,,,,,,,,,,,,,,,,,,,,,,,,,,
L2,Q8NET8,250,5,245,15096,296,14800,3358474975626390717,pending,,,,,,,,,,,,,,,,,,,,,,,,,,,,,,,,,,,,,,,,,
L2,Q8NFU5,250,5,245,3366,66,3300,13566633022430815223,pending,,,,,,,,,,,,,,,,,,,,,,,,,,,,,,,,,,,,,,,,,
L2,Q8NI77,250,5,245,55590,1090,54500,2097503385602083316,pending,,,,,,,,,,,,,,,,,,,,,,,,,,,,,,,,,,,,,,,,,
L2,Q8R4B8,250,5,245,2958,58,2900,16916952619431433784,pending,,,,,,,,,,,,,,,,,,,,,,,,,,,,,,,,,,,,,,,,,
L2,Q8TDV5,250,5,245,1530,30,1500,6706274829108379826,pending,,,,,,,,,,,,,,,,,,,,,,,,,,,,,,,,,,,,,,,,,
L2,Q8TF76,250,5,245,1887,37,1850,17084147619959158805,pending,,,,,,,,,,,,,,,,,,,,,,,,,,,,,,,,,,,,,,,,,
L2,Q92633,250,5,245,28560,560,28000,7343737472647626020,pending,,,,,,,,,,,,,,,,,,,,,,,,,,,,,,,,,,,,,,,,,
L2,Q92769,250,5,245,17238,338,16900,16215572284800196764,pending,,,,,,,,,,,,,,,,,,,,,,,,,,,,,,,,,,,,,,,,,
L2,Q92793,250,5,245,22287,437,21850,7810490346231764169,pending,,,,,,,,,,,,,,,,,,,,,,,,,,,,,,,,,,,,,,,,,
L2,Q92831,250,5,245,2091,41,2050,6044822036717784378,pending,,,,,,,,,,,,,,,,,,,,,,,,,,,,,,,,,,,,,,,,,
L2,Q92918,250,5,245,115821,2271,113550,17934305919255674104,pending,,,,,,,,,,,,,,,,,,,,,,,,,,,,,,,,,,,,,,,,,
L2,Q92993,250,5,245,4743,93,4650,6700257261148269696,pending,,,,,,,,,,,,,,,,,,,,,,,,,,,,,,,,,,,,,,,,,
L2,Q93009,250,5,245,14943,293,14650,8018947820788918513,pending,,,,,,,,,,,,,,,,,,,,,,,,,,,,,,,,,,,,,,,,,
L2,Q969S8,250,5,245,561,11,550,13153242495077525585,unavailable,FileNotFoundError: Pocket absent from dataset and source archive,,,,,,,,,,,,,,,,,,,,,,,,,,,,,,,,,,,,,,,,
L2,Q96GG9,250,5,245,26010,510,25500,2888381633765673962,pending,,,,,,,,,,,,,,,,,,,,,,,,,,,,,,,,,,,,,,,,,
L2,Q96KQ7,250,5,245,1734,34,1700,856074367638104211,pending,,,,,,,,,,,,,,,,,,,,,,,,,,,,,,,,,,,,,,,,,
L2,Q96P20,250,5,245,22644,444,22200,1425329055783483354,pending,,,,,,,,,,,,,,,,,,,,,,,,,,,,,,,,,,,,,,,,,
L2,Q96RI1,250,5,245,3111,61,3050,7798151687327364884,pending,,,,,,,,,,,,,,,,,,,,,,,,,,,,,,,,,,,,,,,,,
L2,Q96S37,250,5,245,1530,30,1500,14408361672707824968,pending,,,,,,,,,,,,,,,,,,,,,,,,,,,,,,,,,,,,,,,,,
L2,Q96SW2,250,5,245,34323,673,33650,10749251837378474517,pending,,,,,,,,,,,,,,,,,,,,,,,,,,,,,,,,,,,,,,,,,
L2,Q99558,250,5,245,2805,55,2750,9484955441723776340,pending,,,,,,,,,,,,,,,,,,,,,,,,,,,,,,,,,,,,,,,,,
L2,Q99571,250,5,245,2499,49,2450,8513664755006860120,pending,,,,,,,,,,,,,,,,,,,,,,,,,,,,,,,,,,,,,,,,,
L2,Q99572,250,5,245,1377,27,1350,1636606032993247643,pending,,,,,,,,,,,,,,,,,,,,,,,,,,,,,,,,,,,,,,,,,
L2,Q99640,250,5,245,14586,286,14300,13919817896567773695,pending,,,,,,,,,,,,,,,,,,,,,,,,,,,,,,,,,,,,,,,,,
L2,Q99683,250,5,245,3876,76,3800,7809729778486388332,pending,,,,,,,,,,,,,,,,,,,,,,,,,,,,,,,,,,,,,,,,,
L2,Q99685,250,5,245,19380,380,19000,8064326132861649287,pending,,,,,,,,,,,,,,,,,,,,,,,,,,,,,,,,,,,,,,,,,
L2,Q99720,250,5,245,2142,42,2100,6382935782967442190,pending,,,,,,,,,,,,,,,,,,,,,,,,,,,,,,,,,,,,,,,,,
L2,Q99814,250,5,245,5814,114,5700,16582901368086339534,pending,,,,,,,,,,,,,,,,,,,,,,,,,,,,,,,,,,,,,,,,,
L2,Q99873,250,5,245,1530,30,1500,13696844368905496493,pending,,,,,,,,,,,,,,,,,,,,,,,,,,,,,,,,,,,,,,,,,
L2,Q9BUB5,250,5,245,5916,116,5800,7223086586598595103,pending,,,,,,,,,,,,,,,,,,,,,,,,,,,,,,,,,,,,,,,,,
L2,Q9BWU1,250,5,245,867,17,850,15557019397650570034,unavailable,FileNotFoundError: Pocket absent from dataset and source archive,,,,,,,,,,,,,,,,,,,,,,,,,,,,,,,,,,,,,,,,
L2,Q9BY41,250,5,245,20043,393,19650,17999303435077803463,pending,,,,,,,,,,,,,,,,,,,,,,,,,,,,,,,,,,,,,,,,,
L2,Q9BZP6,250,5,245,663,13,650,11118457329824494961,pending,,,,,,,,,,,,,,,,,,,,,,,,,,,,,,,,,,,,,,,,,
L2,Q9C0B1,250,5,245,1530,30,1500,9977671408976962065,pending,,,,,,,,,,,,,,,,,,,,,,,,,,,,,,,,,,,,,,,,,
L2,Q9GZT9,250,5,245,3978,78,3900,1098941104120235150,pending,,,,,,,,,,,,,,,,,,,,,,,,,,,,,,,,,,,,,,,,,
L2,Q9H2K2,250,5,245,4080,80,4000,15939016039010933806,pending,,,,,,,,,,,,,,,,,,,,,,,,,,,,,,,,,,,,,,,,,
L2,Q9H3N8,250,5,245,2805,55,2750,5184429514632024787,pending,,,,,,,,,,,,,,,,,,,,,,,,,,,,,,,,,,,,,,,,,
L2,Q9H7B4,250,5,245,1275,25,1250,786675328731538768,pending,,,,,,,,,,,,,,,,,,,,,,,,,,,,,,,,,,,,,,,,,
L2,Q9H8M2,250,5,245,19941,391,19550,13188661154125826307,pending,,,,,,,,,,,,,,,,,,,,,,,,,,,,,,,,,,,,,,,,,
L2,Q9H999,250,5,245,4131,81,4050,11221287886498068126,pending,,,,,,,,,,,,,,,,,,,,,,,,,,,,,,,,,,,,,,,,,
L2,Q9HAZ1,250,5,245,6885,135,6750,17581125071836595688,pending,,,,,,,,,,,,,,,,,,,,,,,,,,,,,,,,,,,,,,,,,
L2,Q9HBH9,250,5,245,5304,104,5200,7856288120044493708,pending,,,,,,,,,,,,,,,,,,,,,,,,,,,,,,,,,,,,,,,,,
L2,Q9NQS5,250,5,245,2346,46,2300,5183266345047743638,pending,,,,,,,,,,,,,,,,,,,,,,,,,,,,,,,,,,,,,,,,,
L2,Q9NR48,250,5,245,1785,35,1750,13908321590974254282,pending,,,,,,,,,,,,,,,,,,,,,,,,,,,,,,,,,,,,,,,,,
L2,Q9NR97,250,5,245,2958,58,2900,15949489708142603374,pending,,,,,,,,,,,,,,,,,,,,,,,,,,,,,,,,,,,,,,,,,
L2,Q9NSY1,250,5,245,3468,68,3400,1412416176948988309,pending,,,,,,,,,,,,,,,,,,,,,,,,,,,,,,,,,,,,,,,,,
L2,Q9NWZ3,250,5,245,74358,1458,72900,12819004192185846859,pending,,,,,,,,,,,,,,,,,,,,,,,,,,,,,,,,,,,,,,,,,
L2,Q9NXS2,250,5,245,2091,41,2050,7249987722795881974,pending,,,,,,,,,,,,,,,,,,,,,,,,,,,,,,,,,,,,,,,,,
L2,Q9NYK1,250,5,245,2958,58,2900,16525894409740977748,unavailable,FileNotFoundError: Pocket absent from dataset and source archive,,,,,,,,,,,,,,,,,,,,,,,,,,,,,,,,,,,,,,,,
L2,Q9NYL2,250,5,245,612,12,600,17904518073710512171,pending,,,,,,,,,,,,,,,,,,,,,,,,,,,,,,,,,,,,,,,,,
L2,Q9NYV4,250,5,245,14382,282,14100,14947221777606715433,pending,,,,,,,,,,,,,,,,,,,,,,,,,,,,,,,,,,,,,,,,,
L2,Q9NZQ7,250,5,245,44676,876,43800,14530377881499474442,pending,,,,,,,,,,,,,,,,,,,,,,,,,,,,,,,,,,,,,,,,,
L2,Q9P1W9,250,5,245,969,19,950,4164417772622241758,pending,,,,,,,,,,,,,,,,,,,,,,,,,,,,,,,,,,,,,,,,,
L2,Q9P2K8,250,5,245,4386,86,4300,15187076387462549856,pending,,,,,,,,,,,,,,,,,,,,,,,,,,,,,,,,,,,,,,,,,
L2,Q9QYN8,250,5,245,1326,26,1300,8630722663385371492,unavailable,FileNotFoundError: Pocket absent from dataset and source archive,,,,,,,,,,,,,,,,,,,,,,,,,,,,,,,,,,,,,,,,
L2,Q9UBF8,250,5,245,1326,26,1300,14265768191674856279,pending,,,,,,,,,,,,,,,,,,,,,,,,,,,,,,,,,,,,,,,,,
L2,Q9UBN7,250,5,245,71451,1401,70050,8564489600993451357,pending,,,,,,,,,,,,,,,,,,,,,,,,,,,,,,,,,,,,,,,,,
L2,Q9UDY8,250,5,245,21267,417,20850,17741466162635118995,pending,,,,,,,,,,,,,,,,,,,,,,,,,,,,,,,,,,,,,,,,,
L2,Q9UEE5,250,5,245,1020,20,1000,124884189066649428,pending,,,,,,,,,,,,,,,,,,,,,,,,,,,,,,,,,,,,,,,,,
L2,Q9UGN5,250,5,245,8364,164,8200,1876368649253222506,pending,,,,,,,,,,,,,,,,,,,,,,,,,,,,,,,,,,,,,,,,,
L2,Q9UIQ6,250,5,245,867,17,850,9725690945455607969,pending,,,,,,,,,,,,,,,,,,,,,,,,,,,,,,,,,,,,,,,,,
L2,Q9UK32,250,5,245,1122,22,1100,4487148433813501020,pending,,,,,,,,,,,,,,,,,,,,,,,,,,,,,,,,,,,,,,,,,
L2,Q9UKE5,250,5,245,2550,50,2500,6911171891577182127,pending,,,,,,,,,,,,,,,,,,,,,,,,,,,,,,,,,,,,,,,,,
L2,Q9UL62,250,5,245,2907,57,2850,1184123911696712043,pending,,,,,,,,,,,,,,,,,,,,,,,,,,,,,,,,,,,,,,,,,
L2,Q9ULX7,250,5,245,612,12,600,9988176643255839361,pending,,,,,,,,,,,,,,,,,,,,,,,,,,,,,,,,,,,,,,,,,
L2,Q9UM07,250,5,245,42024,824,41200,2187228278534224017,pending,,,,,,,,,,,,,,,,,,,,,,,,,,,,,,,,,,,,,,,,,
L2,Q9UM73,250,5,245,5916,116,5800,17827517467230656816,pending,,,,,,,,,,,,,,,,,,,,,,,,,,,,,,,,,,,,,,,,,
L2,Q9UNA0,250,5,245,4080,80,4000,4331801162202381968,pending,,,,,,,,,,,,,,,,,,,,,,,,,,,,,,,,,,,,,,,,,
L2,Q9UNQ0,250,5,245,612,12,600,12187692295631939146,pending,,,,,,,,,,,,,,,,,,,,,,,,,,,,,,,,,,,,,,,,,
L2,Q9UQB9,250,5,245,765,15,750,16647579005328891104,pending,,,,,,,,,,,,,,,,,,,,,,,,,,,,,,,,,,,,,,,,,
L2,Q9UQD0,250,5,245,16422,322,16100,8916330254017972275,pending,,,,,,,,,,,,,,,,,,,,,,,,,,,,,,,,,,,,,,,,,
L2,Q9Y233,250,5,245,4131,81,4050,7541019026377901158,pending,,,,,,,,,,,,,,,,,,,,,,,,,,,,,,,,,,,,,,,,,
L2,Q9Y251,250,5,245,2703,53,2650,18137618310145186818,pending,,,,,,,,,,,,,,,,,,,,,,,,,,,,,,,,,,,,,,,,,
L2,Q9Y2K2,250,5,245,2244,44,2200,6536555802223200480,pending,,,,,,,,,,,,,,,,,,,,,,,,,,,,,,,,,,,,,,,,,
L2,Q9Y572,250,5,245,1530,30,1500,3444241840070454830,pending,,,,,,,,,,,,,,,,,,,,,,,,,,,,,,,,,,,,,,,,,
L2,Q9Y5N1,250,5,245,1428,28,1400,9092822213952883826,pending,,,,,,,,,,,,,,,,,,,,,,,,,,,,,,,,,,,,,,,,,
L2,Q9Y5Y6,250,5,245,1530,30,1500,9567292391275146119,pending,,,,,,,,,,,,,,,,,,,,,,,,,,,,,,,,,,,,,,,,,
L2,Q9Y5Y9,250,5,245,32232,632,31600,5222850111976148504,pending,,,,,,,,,,,,,,,,,,,,,,,,,,,,,,,,,,,,,,,,,
L2,Q9Y5Z0,250,5,245,16167,317,15850,8551314791215471979,pending,,,,,,,,,,,,,,,,,,,,,,,,,,,,,,,,,,,,,,,,,
L2,Q9Y657,250,5,245,561,11,550,14215236628364421818,pending,,,,,,,,,,,,,,,,,,,,,,,,,,,,,,,,,,,,,,,,,
L2,Q9Z0U4,250,5,245,1122,22,1100,2125787613375574483,unavailable,FileNotFoundError: Pocket absent from dataset and source archive,,,,,,,,,,,,,,,,,,,,,,,,,,,,,,,,,,,,,,,,
L2,Q9Z1M0,250,5,245,561,11,550,18328631435894001727,pending,,,,,,,,,,,,,,,,,,,,,,,,,,,,,,,,,,,,,,,,,
L3,A0A1D8PKB4,250,5,245,612,12,600,11167088954639640181,pending,,,,,,,,,,,,,,,,,,,,,,,,,,,,,,,,,,,,,,,,,
L3,C7FF05,250,5,245,4692,92,4600,10295181648829998474,pending,,,,,,,,,,,,,,,,,,,,,,,,,,,,,,,,,,,,,,,,,
L3,O14638,250,5,245,4641,91,4550,12106164232271939248,pending,,,,,,,,,,,,,,,,,,,,,,,,,,,,,,,,,,,,,,,,,
L3,O43526,250,5,245,1377,27,1350,4554835331555385915,pending,,,,,,,,,,,,,,,,,,,,,,,,,,,,,,,,,,,,,,,,,
L3,O94921,250,5,245,5100,100,5000,6304679806515114969,pending,,,,,,,,,,,,,,,,,,,,,,,,,,,,,,,,,,,,,,,,,
L3,P01111,250,5,245,23919,469,23450,11509041706049706805,pending,,,,,,,,,,,,,,,,,,,,,,,,,,,,,,,,,,,,,,,,,
L3,P05556,250,5,245,1377,27,1350,17131053911905100531,pending,,,,,,,,,,,,,,,,,,,,,,,,,,,,,,,,,,,,,,,,,
L3,P05622,250,5,245,19278,378,18900,2718304643039486053,pending,,,,,,,,,,,,,,,,,,,,,,,,,,,,,,,,,,,,,,,,,
L3,P06802,250,5,245,2091,41,2050,5121898141347596787,pending,,,,,,,,,,,,,,,,,,,,,,,,,,,,,,,,,,,,,,,,,
L3,P08515,250,5,245,1173,23,1150,822935237816138416,pending,,,,,,,,,,,,,,,,,,,,,,,,,,,,,,,,,,,,,,,,,
L3,P08519,250,5,245,3825,75,3750,3257368592032707698,pending,,,,,,,,,,,,,,,,,,,,,,,,,,,,,,,,,,,,,,,,,
L3,P09487,250,5,245,561,11,550,14889567517657640112,pending,,,,,,,,,,,,,,,,,,,,,,,,,,,,,,,,,,,,,,,,,
L3,P0DTC1,250,5,245,43605,855,42750,15274853580587249830,pending,,,,,,,,,,,,,,,,,,,,,,,,,,,,,,,,,,,,,,,,,
L3,P11498,250,5,245,1173,23,1150,13076602650920259275,pending,,,,,,,,,,,,,,,,,,,,,,,,,,,,,,,,,,,,,,,,,
L3,P11926,250,5,245,714,14,700,15825783354482592440,pending,,,,,,,,,,,,,,,,,,,,,,,,,,,,,,,,,,,,,,,,,
L3,P17787,250,5,245,612,12,600,10656744915730101983,pending,,,,,,,,,,,,,,,,,,,,,,,,,,,,,,,,,,,,,,,,,
L3,P18507,250,5,245,663,13,650,9716281656182512768,unavailable,FileNotFoundError: Pocket absent from dataset and source archive,,,,,,,,,,,,,,,,,,,,,,,,,,,,,,,,,,,,,,,,
L3,P18564,250,5,245,1836,36,1800,14898834050874423394,pending,,,,,,,,,,,,,,,,,,,,,,,,,,,,,,,,,,,,,,,,,
L3,P25090,250,5,245,612,12,600,12591808979680939000,unavailable,FileNotFoundError: Pocket absent from dataset and source archive,,,,,,,,,,,,,,,,,,,,,,,,,,,,,,,,,,,,,,,,
L3,P28347,250,5,245,12138,238,11900,7502524338522996113,pending,,,,,,,,,,,,,,,,,,,,,,,,,,,,,,,,,,,,,,,,,
L3,P30405,250,5,245,3978,78,3900,6329204370896842654,pending,,,,,,,,,,,,,,,,,,,,,,,,,,,,,,,,,,,,,,,,,
L3,P30518,250,5,245,1938,38,1900,17323975596244525661,pending,,,,,,,,,,,,,,,,,,,,,,,,,,,,,,,,,,,,,,,,,
L3,P36222,250,5,245,4437,87,4350,7764756706767446356,pending,,,,,,,,,,,,,,,,,,,,,,,,,,,,,,,,,,,,,,,,,
L3,P37288,250,5,245,5610,110,5500,4488869473093857522,pending,,,,,,,,,,,,,,,,,,,,,,,,,,,,,,,,,,,,,,,,,
L3,P40879,250,5,245,1020,20,1000,18112812106932223559,pending,,,,,,,,,,,,,,,,,,,,,,,,,,,,,,,,,,,,,,,,,
L3,P41149,250,5,245,1326,26,1300,6085705323805970593,unavailable,FileNotFoundError: Pocket absent from dataset and source archive,,,,,,,,,,,,,,,,,,,,,,,,,,,,,,,,,,,,,,,,
L3,P43220,250,5,245,6579,129,6450,13923887745795043471,pending,,,,,,,,,,,,,,,,,,,,,,,,,,,,,,,,,,,,,,,,,
L3,P43250,250,5,245,1122,22,1100,3028082444243776706,pending,,,,,,,,,,,,,,,,,,,,,,,,,,,,,,,,,,,,,,,,,
L3,P51684,250,5,245,561,11,550,5534154771461472440,pending,,,,,,,,,,,,,,,,,,,,,,,,,,,,,,,,,,,,,,,,,
L3,P56450,250,5,245,663,13,650,13479157156884835283,pending,,,,,,,,,,,,,,,,,,,,,,,,,,,,,,,,,,,,,,,,,
L3,P56528,250,5,245,5253,103,5150,13714061282615122464,pending,,,,,,,,,,,,,,,,,,,,,,,,,,,,,,,,,,,,,,,,,
L3,P97821,250,5,245,4233,83,4150,9179340922975208646,pending,,,,,,,,,,,,,,,,,,,,,,,,,,,,,,,,,,,,,,,,,
L3,Q00959,250,5,245,765,15,750,13010727122878915836,pending,,,,,,,,,,,,,,,,,,,,,,,,,,,,,,,,,,,,,,,,,
L3,Q00961,250,5,245,1071,21,1050,11241053039448234797,pending,,,,,,,,,,,,,,,,,,,,,,,,,,,,,,,,,,,,,,,,,
L3,Q01727,250,5,245,1479,29,1450,16934537337411618709,unavailable,FileNotFoundError: Pocket absent from dataset and source archive,,,,,,,,,,,,,,,,,,,,,,,,,,,,,,,,,,,,,,,,
L3,Q02779,250,5,245,816,16,800,1997374053204118898,pending,,,,,,,,,,,,,,,,,,,,,,,,,,,,,,,,,,,,,,,,,
L3,Q14123,250,5,245,2040,40,2000,9020184995611544389,pending,,,,,,,,,,,,,,,,,,,,,,,,,,,,,,,,,,,,,,,,,
L3,Q15391,250,5,245,1428,28,1400,6789593928694779144,pending,,,,,,,,,,,,,,,,,,,,,,,,,,,,,,,,,,,,,,,,,
L3,Q15562,250,5,245,9180,180,9000,3337891267732267220,pending,,,,,,,,,,,,,,,,,,,,,,,,,,,,,,,,,,,,,,,,,
L3,Q15878,250,5,245,7701,151,7550,11011010872436117214,pending,,,,,,,,,,,,,,,,,,,,,,,,,,,,,,,,,,,,,,,,,
L3,Q16665,250,5,245,1428,28,1400,3868614878954168137,pending,,,,,,,,,,,,,,,,,,,,,,,,,,,,,,,,,,,,,,,,,
L3,Q62645,250,5,245,765,15,750,6338355704979672705,pending,,,,,,,,,,,,,,,,,,,,,,,,,,,,,,,,,,,,,,,,,
L3,Q8R431,250,5,245,714,14,700,7707799300533527137,pending,,,,,,,,,,,,,,,,,,,,,,,,,,,,,,,,,,,,,,,,,
L3,Q92830,250,5,245,8109,159,7950,1489083950283444539,pending,,,,,,,,,,,,,,,,,,,,,,,,,,,,,,,,,,,,,,,,,
L3,Q96LB1,250,5,245,3519,69,3450,16480208417932075040,pending,,,,,,,,,,,,,,,,,,,,,,,,,,,,,,,,,,,,,,,,,
L3,Q99594,250,5,245,5202,102,5100,806050372185474501,pending,,,,,,,,,,,,,,,,,,,,,,,,,,,,,,,,,,,,,,,,,
L3,Q9HCR9,250,5,245,2040,40,2000,15196776428407039811,pending,,,,,,,,,,,,,,,,,,,,,,,,,,,,,,,,,,,,,,,,,
L3,Q9NP56,250,5,245,3621,71,3550,9252668004789393809,pending,,,,,,,,,,,,,,,,,,,,,,,,,,,,,,,,,,,,,,,,,
L3,Q9NPC1,250,5,245,867,17,850,15701428313346859529,pending,,,,,,,,,,,,,,,,,,,,,,,,,,,,,,,,,,,,,,,,,
L3,Q9NR22,250,5,245,561,11,550,12212688205681126567,pending,,,,,,,,,,,,,,,,,,,,,,,,,,,,,,,,,,,,,,,,,
L3,Q9UKS7,250,5,245,1989,39,1950,7218017485942634228,pending,,,,,,,,,,,,,,,,,,,,,,,,,,,,,,,,,,,,,,,,,
L3,Q9Y4K4,250,5,245,510,10,500,8273550484212882635,pending,,,,,,,,,,,,,,,,,,,,,,,,,,,,,,,,,,,,,,,,,
L3,Q9Y6M4,250,5,245,1734,34,1700,7015686868186685991,pending,,,,,,,,,,,,,,,,,,,,,,,,,,,,,,,,,,,,,,,,,
