layer,uniprot,available_actives,selected_actives,pocket_atoms,center,size,padding
L1,O95271,19,10,198,"[-27.342, -16.8485, 2.5795000000000003]","[24.354, 30.229, 34.673]",4.0
L1,P00338,11,10,158,"[-10.290000000000001, -15.5255, -52.074]","[33.946, 26.245, 25.42600000000001]",4.0
L1,P06239,68,10,185,"[22.313, 40.308499999999995, 83.255]","[31.394, 27.335, 28.208]",4.0
L1,P08922,20,10,180,"[41.584, -19.665499999999998, -3.5664999999999996]","[28.684, 29.470999999999997, 28.879]",4.0
L1,P0C6U8,12,10,227,"[33.639160000000004, -57.095005, 28.349925]","[35.79566, 26.70091, 31.493949999999998]",4.0
L1,P33981,29,10,205,"[35.7735, 40.872, 40.481]","[34.709, 32.794, 29.776]",4.0
L1,P35354,44,10,221,"[23.7865, 51.575, 18.5655]","[31.139000000000003, 31.946000000000005, 31.150999999999996]",4.0
L1,P49327,665,10,210,"[117.976, 185.861, 119.095]","[35.103999999999985, 31.442000000000007, 28.459999999999994]",4.0
L1,P49759,11,10,172,"[37.2755, 29.551499999999997, -0.49549999999999983]","[29.443, 29.532999999999998, 27.503]",4.0
L1,P50053,25,10,225,"[-2.0969999999999995, 0.7770000000000001, 18.306500000000003]","[31.166, 31.445999999999998, 30.103000000000005]",4.0
L1,P51532,10,10,162,"[-6.895499999999999, -1.2685000000000004, 22.8705]","[25.857, 28.351, 26.843000000000004]",4.0
L1,P56524,28,10,151,"[17.909, 79.6935, 35.016]","[28.762, 25.055000000000007, 28.522000000000002]",4.0
L1,P62937,18,10,273,"[50.983, 49.730500000000006, 50.716]","[38.032, 32.22100000000001, 39.872]",4.0
L1,Q06124,28,10,245,"[22.076365000000003, 19.416305, 5.4362699999999995]","[31.805290000000003, 31.764750000000006, 28.365319999999997]",4.0
L1,Q07343,47,10,231,"[41.906, 4.1875, 63.5685]","[33.248000000000005, 28.783, 31.467000000000006]",4.0
L1,Q08499,18,10,264,"[-14.69435, 4.098965000000001, -67.35343]","[28.61712, 31.980870000000003, 34.16396]",4.0
L1,Q15059,43,10,150,"[19.798000000000002, 9.6315, 25.66]","[29.352000000000004, 28.453, 26.288000000000004]",4.0
L1,Q6GI75,16,10,203,"[110.69149999999999, 69.2565, 36.87]","[29.090999999999994, 28.905, 31.554]",4.0
L1,Q86WV6,25,10,337,"[12.349, 9.879999999999999, 38.272999999999996]","[34.025999999999996, 33.836, 32.902]",4.0
L1,Q86X55,48,10,279,"[8.5775, 25.275000000000002, 22.9355]","[35.855, 32.246, 33.879]",4.0
L1,Q8N1Q1,10,10,169,"[44.272999999999996, 59.307, 37.6145]","[31.046, 26.332, 32.44500000000001]",4.0
L1,Q92793,12,10,182,"[5.1485, -5.5335, 16.793499999999998]","[31.757, 32.653, 33.946999999999996]",4.0
L1,Q96MU7,11,10,180,"[2.69824, 1.8154599999999999, 4.521270000000001]","[26.12868, 27.51792, 30.08596]",4.0
L1,Q9UBN7,426,10,166,"[2.5975, 0.44899999999999984, 8.6535]","[23.781, 28.82, 29.721]",4.0
L2,O14757,190,10,170,"[12.419500000000001, -2.213, 12.723]","[31.459, 29.189999999999998, 26.272000000000002]",4.0
L2,O43318,15,10,248,"[-4.643, -47.6525, -17.4925]","[39.418, 28.267000000000003, 31.891000000000002]",4.0
L2,O75460,278,10,263,"[14.070525, 35.780915, 20.690035]","[30.368009999999998, 31.82481, 34.25117]",4.0
L2,O95819,66,10,256,"[-15.307500000000001, -9.162, 30.144000000000002]","[28.631, 30.126, 30.868000000000002]",4.0
L2,P05177,36,10,180,"[3.520999999999999, 15.325, 19.939500000000002]","[31.075999999999997, 26.262, 28.217000000000002]",4.0
L2,P06730,23,10,230,"[20.308999999999997, -10.369, 57.349000000000004]","[34.762, 31.282000000000004, 30.925999999999995]",4.0
L2,P08254,16,10,159,"[19.519, -14.781, -8.846]","[29.257999999999996, 24.126, 30.086]",4.0
L2,P18825,125,10,210,"[-8.3705, 6.622499999999999, 55.1695]","[28.308999999999997, 30.037, 29.691000000000003]",4.0
L2,P31153,542,10,380,"[-33.9935, 0.573500000000001, -43.284]","[33.959, 40.569, 27.864000000000004]",4.0
L2,P31645,109,10,259,"[136.501, 126.353, 117.1635]","[30.760000000000005, 40.087999999999994, 32.766999999999996]",4.0
L2,P36897,277,10,216,"[2.7435, 15.809999999999999, 11.5905]","[30.555, 30.972, 27.821]",4.0
L2,P41143,92,10,192,"[-4.126000000000001, -68.28999999999999, 71.504]","[26.472, 29.303999999999995, 28.196000000000005]",4.0
L2,P43166,39,10,162,"[-3.1145000000000014, -0.9455, 17.639]","[32.775000000000006, 29.552999999999997, 28.306]",4.0
L2,P43405,104,10,203,"[3.0414999999999983, 2.6975000000000007, 13.019]","[32.028999999999996, 30.787, 31.276]",4.0
L2,P56817,352,10,251,"[69.464, 45.9765, 4.109500000000001]","[37.704, 33.005, 36.365]",4.0
L2,Q06187,977,10,253,"[-3.5365, -28.6425, 17.6435]","[33.353, 31.153000000000002, 28.323]",4.0
L2,Q13224,42,10,132,"[22.115000000000002, -4.481, -33.9855]","[40.396, 25.946, 23.281]",4.0
L2,Q13822,197,10,215,"[-8.2595, 3.343, -41.4525]","[31.387, 29.375999999999998, 30.328999999999997]",4.0
L2,Q14145,124,10,225,"[1.952, 0.6625000000000014, -22.56]","[25.678, 35.345, 30.198]",4.0
L2,Q15119,112,10,279,"[-4.0315, -6.927999999999999, -8.0475]","[34.949, 32.751999999999995, 28.145000000000003]",4.0
L2,Q6P179,17,10,261,"[16.415315, 7.934704999999999, 59.770725]","[36.70689, 33.82397, 30.748829999999998]",4.0
L2,Q8NER1,44,10,274,"[143.0215, 151.858, 171.1945]","[45.380999999999986, 30.623999999999995, 33.10500000000002]",4.0
L2,Q92793,437,10,182,"[5.1485, -5.5335, 16.793499999999998]","[31.757, 32.653, 33.946999999999996]",4.0
L2,Q9Y5Z0,317,10,210,"[22.7865, -8.451, -18.741999999999997]","[31.756999999999998, 30.982, 33.294]",4.0
L3,A0A1D8PKB4,12,10,193,"[23.223000000000003, -17.446, -12.4305]","[27.612000000000002, 30.046, 29.743]",4.0
L3,O14638,91,10,225,"[-4.8315, -27.491999999999997, -16.7855]","[34.492999999999995, 26.767999999999997, 33.753]",4.0
L3,P05556,27,10,145,"[3.1075000000000017, 118.35249999999999, 39.14]","[30.155, 23.23299999999999, 29.876]",4.0
L3,P05622,378,10,289,"[-2.7615, 0.8890000000000011, 1.4169999999999998]","[36.507000000000005, 37.074, 30.328]",4.0
L3,P11926,14,10,180,"[-55.078, -0.6280000000000001, -43.3345]","[32.858000000000004, 29.552, 23.894999999999996]",4.0
L3,P18564,36,10,136,"[3.9654999999999987, -44.979, -15.99]","[26.997, 25.092, 29.682]",4.0
L3,P28347,238,10,241,"[-11.0385, 6.1095, 66.069]","[29.047, 38.629, 28.184000000000005]",4.0
L3,P40879,20,10,207,"[124.4985, 95.404, 121.518]","[26.25500000000001, 33.355999999999995, 30.379999999999995]",4.0
L3,P43250,22,10,201,"[-30.1595, 26.125999999999998, 25.771]","[29.541, 29.976, 31.638000000000005]",4.0
L3,P51684,11,10,294,"[13.824000000000002, 2.378499999999999, -2.068500000000001]","[36.07, 40.153, 30.069000000000003]",4.0
L3,P56528,103,10,175,"[4.1195, 8.2105, -3.7765000000000004]","[30.383, 34.013, 32.937]",4.0
L3,Q00959,15,10,176,"[16.601499999999998, 25.0155, 37.674]","[33.415, 28.419000000000004, 29.310000000000002]",4.0
L3,Q00961,21,10,141,"[128.877, 173.721, 171.711]","[29.506, 23.792, 27.143999999999977]",4.0
L3,Q15878,151,10,197,"[145.3945, 174.8225, 159.333]","[26.631, 33.703, 29.182000000000016]",4.0
L3,Q16665,28,10,208,"[5.8885000000000005, 19.807499999999997, 17.243]","[27.923000000000002, 33.827, 31.436]",4.0
L3,Q62645,15,10,150,"[7.163500000000001, 36.0825, 11.8065]","[23.761, 29.163, 27.561]",4.0
L3,Q92830,159,10,144,"[-19.197000000000003, -6.975000000000001, 12.58]","[27.220000000000002, 24.518, 25.388]",4.0
L3,Q96LB1,69,10,164,"[100.357, 67.258, 86.3365]","[32.172, 32.45799999999999, 30.539]",4.0
L3,Q9HCR9,40,10,199,"[4.4945, 11.344999999999999, 29.1465]","[33.391000000000005, 30.740000000000002, 28.115000000000002]",4.0
L3,Q9NPC1,17,10,226,"[15.6845, -2.7025000000000006, 2.3095000000000017]","[35.528999999999996, 25.951, 32.019000000000005]",4.0
L3,Q9NR22,11,10,244,"[-2.127, 0.766, 9.0475]","[32.53, 31.618, 33.319]",4.0
L3,Q9UKS7,39,10,77,"[22.3675, -10.481, -14.9425]","[25.795, 24.568, 23.129]",4.0
L3,Q9Y4K4,10,10,239,"[-5.9, 12.9465, -8.963]","[28.598000000000003, 26.744999999999997, 33.66]",4.0
L3,Q9Y6M4,34,10,200,"[37.1425, -12.447, 27.147]","[30.528999999999996, 35.078, 24.790000000000003]",4.0
L4,O00767,37,10,463,"[17.215, 71.6435, 43.961]","[39.478, 38.905, 39.596000000000004]",4.0
L4,O75747,229,10,199,"[-11.2635, 0.948500000000001, 5.5295000000000005]","[27.009, 30.967000000000002, 31.297]",4.0
L4,O94782,406,10,221,"[131.14149, 139.73862499999998, 172.67163]","[29.357899999999987, 39.510149999999996, 26.157479999999993]",4.0
L4,P09871,421,10,200,"[9.854000000000001, -2.6765, -4.320999999999999]","[39.019999999999996, 25.455, 26.22]",4.0
L4,P24863,18,10,105,"[9.371000000000002, 7.0184999999999995, -0.14250000000000007]","[20.268, 32.421, 27.667]",4.0
L4,P37059,47,10,259,"[7.296500000000001, 7.1915, 8.722999999999999]","[27.741, 33.783, 27.810000000000002]",4.0
L4,P42226,43,10,173,"[-3.878000000000001, -45.0975, -22.852999999999998]","[24.340000000000003, 29.645000000000003, 36.54]",4.0
L4,P43341,153,10,255,"[10.672, -3.973, -2.019000000000001]","[27.567999999999998, 39.14, 33.406]",4.0
L4,P50052,214,10,317,"[64.0565, 12.0625, 5.692]","[33.923, 34.113, 30.698]",4.0
L4,Q08211,707,10,201,"[21.0345, 12.759, -63.798500000000004]","[26.433000000000007, 33.292, 29.965000000000003]",4.0
L4,Q08828,68,10,257,"[-21.968, -26.4295, -23.131999999999998]","[30.863999999999997, 35.225, 29.31]",4.0
L4,Q13094,30,10,136,"[19.917, 1.5354999999999999, -10.939]","[25.233999999999998, 28.430999999999997, 30.656]",4.0
L4,Q13724,529,10,254,"[-1.5359999999999996, -9.3385, -2.671499999999999]","[34.16, 31.307000000000002, 27.317]",4.0
L4,Q15726,27,10,386,"[3.407, 1.8449999999999989, -0.8300000000000001]","[39.024, 35.592, 32.578]",4.0
L4,Q6SZW1,243,10,132,"[-8.052589999999999, -29.044615, 4.1642199999999985]","[23.28642, 26.162509999999997, 27.138279999999998]",4.0
L4,Q70CQ3,231,10,208,"[-5.1005, -16.614, 7.031]","[33.519, 29.805999999999997, 31.454]",4.0
L4,Q8TDU9,10,10,189,"[133.0725, 145.17149999999998, 102.45150000000001]","[32.230999999999995, 31.215000000000003, 30.587000000000003]",4.0
L4,Q96PC2,44,10,267,"[-2.083500000000001, 0.7735000000000003, -0.8714999999999993]","[38.169, 28.997, 31.203]",4.0
L4,Q99705,33,10,228,"[133.6175, 146.3245, 105.7945]","[26.647000000000006, 34.05500000000001, 28.980999999999995]",4.0
L4,Q9GZQ6,25,10,422,"[2.3354999999999997, 6.6884999999999994, 15.8765]","[33.747, 35.010999999999996, 38.547]",4.0
L4,Q9HB14,15,10,142,"[97.096, 107.1455, 125.64600000000002]","[23.323999999999998, 31.448999999999998, 29.940000000000012]",4.0
L4,Q9NY59,20,10,116,"[5.8629999999999995, -15.938500000000001, -7.0015]","[25.326, 22.351, 31.689]",4.0
L4,Q9Y239,58,10,274,"[16.04, 13.745, 16.5695]","[34.108000000000004, 33.306, 28.165]",4.0
L4,Q9Y4K0,47,10,124,"[-24.5805, -17.9015, 5.976]","[25.749, 23.069, 27.46]",4.0
